,Year,AMOC,AMOC_lwr,AMOC_upr
0,900.0,0.6950906061218346,0.027329916358374142,1.363163161648365
1,901.0,0.6955556509301538,0.02778391698765156,1.3636230817310169
2,902.0,0.6959774598973278,0.028194954238173232,1.3640398966241696
3,903.0,0.6963589316804649,0.02856589021602682,1.364416487180845
4,904.0,0.6967049917495711,0.02890161642486653,1.3647577624626106
5,905.0,0.6970206736927231,0.029207136772153995,1.3650687416185288
6,906.0,0.6973096731670284,0.02948611973484396,1.3653531070537475
7,907.0,0.6975736212815783,0.02974017097513227,1.3656124776307068
8,908.0,0.6978118509762711,0.02996859977468283,1.365846175126548
9,909.0,0.6980214711995482,0.030168493630981612,1.366051298518989
10,910.0,0.6981976675435461,0.030335019763102652,1.3662230249122698
11,911.0,0.6983341701810377,0.030461894432966305,1.3663550780711011
12,912.0,0.698423806547824,0.030541937254738773,1.366440281893082
13,913.0,0.698459042712278,0.030567614032180255,1.366471102528918
14,914.0,0.6984324387601591,0.030531493331920255,1.3664401043691743
15,915.0,0.698336984714398,0.03042658369238988,1.3663402865806702
16,916.0,0.6981662960348836,0.030246531164855654,1.3661652795588146
17,917.0,0.6979145953264179,0.02998560432701473,1.3659093281707118
18,918.0,0.6975763239475388,0.02963831100102215,1.3655669057188144
19,919.0,0.6971451871723562,0.0291984522664742,1.3651317632096187
20,920.0,0.696612388411315,0.028657374576039375,1.3645951720390104
21,921.0,0.6959635423375944,0.02800091938999891,1.363942854570734
22,922.0,0.6951734441069063,0.02720425775309598,1.363149784617853
23,923.0,0.6941998649643649,0.02622575945319253,1.3621740179752058
24,924.0,0.6929928987300196,0.02501620657524511,1.3609659735763084
25,925.0,0.6904216843199145,0.022444716671383792,1.3583947747468088
26,926.0,0.6877468452795432,0.01976985461593356,1.3557200482508793
27,927.0,0.6850834431067044,0.01710644659958559,1.3530567485777143
28,928.0,0.6825306330760744,0.01455351687754368,1.350503972086487
29,929.0,0.6801552925038201,0.012177805719856067,1.3481285280034394
30,930.0,0.6779921890393036,0.010013931323299273,1.3459651057791673
31,931.0,0.6760516615547805,0.008072123701071495,1.344023984944918
32,932.0,0.6743283607644707,0.006347018218961653,1.3422998044938743
33,933.0,0.672808172118173,0.0048246011931740275,1.3407784994322325
34,934.0,0.6714721461317933,0.003486121179597382,1.339441222993968
35,935.0,0.670297477861534,0.0023090127220506533,1.3382652976713232
36,936.0,0.6692565023495491,0.0012658201096353266,1.3372231721135308
37,937.0,0.6683148881456741,0.00032233076175085533,1.3362805808578815
38,938.0,0.6674299328243652,-0.000564155442620838,1.335394823805257
39,939.0,0.666549630030349,-0.0014457417050073964,1.3345138413950326
40,940.0,0.6656131423621638,-0.002383405917477781,1.333576717634246
41,941.0,0.6645532513257199,-0.0034444770096230676,1.3325161714574005
42,942.0,0.6633009346717575,-0.004697995199013423,1.331263169937343
43,943.0,0.6617913792959405,-0.006208675170938065,1.3297529555256846
44,944.0,0.65996995385711,-0.00803095986731281,1.3279310041111738
45,945.0,0.6577969206747476,-0.010204377233942836,1.325757697874218
46,946.0,0.6552515118974696,-0.01274954755643772,1.3232123539427836
47,947.0,0.6523376233874433,-0.015662547691543096,1.320298885711643
48,948.0,0.6490916958133583,-0.018907032060728655,1.3170536835838735
49,949.0,0.6455889171893812,-0.022407980280240186,1.3135518460632365
50,950.0,0.6419418223298688,-0.026053030577316744,1.3099058160894268
51,951.0,0.638288753005911,-0.029703967495502526,1.3062538683179081
52,952.0,0.6347749158300643,-0.033215637710474574,1.3027411795783368
53,953.0,0.6315312930145214,-0.036457036715608675,1.2994987402447329
54,954.0,0.6286562548220332,-0.03932971231063809,1.2966249588771395
55,955.0,0.6262029195857065,-0.04178043467198583,1.2941730079814582
56,956.0,0.6241731332704274,-0.04380725925981174,1.29214478256321
57,957.0,0.6225179479787423,-0.045459094896997114,1.2904913541791962
58,958.0,0.621144979493022,-0.046828373548365984,1.2891203132833666
59,959.0,0.6199324945650189,-0.048036950375206146,1.287909862762895
60,960.0,0.6187474273686916,-0.049218044087286625,1.2867268573693618
61,961.0,0.6174629495611539,-0.05049862586395997,1.285444395151285
62,962.0,0.6159732141772581,-0.05198465582077004,1.2839565703719344
63,963.0,0.6142057698606369,-0.05374866188371,1.2821908903530175
64,964.0,0.6121322096178639,-0.05581908406519616,1.2801189301324534
65,965.0,0.6097755994708995,-0.05817284239857327,1.2777637704593705
66,966.0,0.6072123925319792,-0.06073343356481797,1.2752019168720485
67,967.0,0.6045679113964254,-0.06337547161276583,1.2725587763775918
68,968.0,0.6020061965729983,-0.06593486199722795,1.269998488557848
69,969.0,0.5997154870389723,-0.06822333526146082,1.2677093796362693
70,970.0,0.597890439547143,-0.0700462394217875,1.2658861506114496
71,971.0,0.5967127425900314,-0.071221944296599,1.2647104631077772
72,972.0,0.5963332364287813,-0.07159974370705936,1.264333045267644
73,973.0,0.5968599536745645,-0.07107182117656659,1.264861743093467
74,974.0,0.5983559311366747,-0.06957540364231699,1.2663593730516776
75,975.0,0.6008469317154416,-0.06708495998407402,1.268851506014021
76,976.0,0.6043338330715518,-0.06359975310014694,1.2723389492102286
77,977.0,0.6088018697914488,-0.05913466476218377,1.276807144041925
78,978.0,0.6142218434502312,-0.05371898949528251,1.282227364615324
79,979.0,0.6205443048587861,-0.04740227180442476,1.2885508111601192
80,980.0,0.627692124397402,-0.040261778577488506,1.2957010705419252
81,981.0,0.6355573852708966,-0.03240563624583734,1.3035709045722454
82,982.0,0.6440055573945318,-0.023968653810540627,1.3120263447161054
83,983.0,0.6528861819030529,-0.015101601115830508,1.3209173283633153
84,984.0,0.6620472030739658,-0.005956816726887923,1.3300920085094932
85,985.0,0.6713495275839352,0.0033264161023191406,1.3394113148005542
86,986.0,0.6806785815327866,0.012633472526882069,1.3487605396466733
87,987.0,0.6899502001791841,0.021880286855244156,1.3580552803511743
88,988.0,0.6991087013503517,0.031011400368610387,1.3672395651506979
89,989.0,0.7081168862514542,0.03998991358580687,1.376275876890925
90,990.0,0.7169431350239973,0.04878454378130838,1.3851322437040432
91,991.0,0.7255547944736604,0.057363017765207046,1.3937756396473995
92,992.0,0.7339207513647015,0.06569467032997461,1.4021746119547618
93,993.0,0.742015267885857,0.0737542610182283,1.4103031654079952
94,994.0,0.7498151163695441,0.08151902526610136,1.418137884963817
95,995.0,0.757292204967096,0.0889611939136883,1.4256504941078152
96,996.0,0.764410375770252,0.09604472628075679,1.432804595387881
97,997.0,0.7711299973915382,0.10272991115097464,1.4395602703464772
98,998.0,0.7774149292401258,0.10898039519286448,1.4458811050007965
99,999.0,0.7832349358262138,0.11476568327025018,1.4517366672618446
100,1000.0,0.7885620047496519,0.12005753786370119,1.4570988552462456
101,1001.0,0.7933643362654054,0.12482403750721834,1.4619358783889458
102,1002.0,0.7976035730850772,0.12902687624049597,1.4662094423953527
103,1003.0,0.8012382244891226,0.13262478774273925,1.4698781667194145
104,1004.0,0.8042312892443813,0.13558112134403277,1.4729051916711617
105,1005.0,0.806558044692659,0.137871554419652,1.4752659167409958
106,1006.0,0.8082122595995617,0.13949022448986756,1.4769541461749538
107,1007.0,0.8092114842083514,0.14045497154938819,1.477987331160574
108,1008.0,0.8096011517653812,0.14081144522610167,1.4784106648424102
109,1009.0,0.8094549820757486,0.14063355152141652,1.4782975121274735
110,1010.0,0.8088698381154318,0.14001835900237847,1.4777443050085144
111,1011.0,0.8079558715694963,0.13907627900185984,1.476860730288304
112,1012.0,0.8068240982268189,0.13791864572274146,1.4757573473863277
113,1013.0,0.8055741587247741,0.1366454434928274,1.474533383298946
114,1014.0,0.8042863283819479,0.1353372584760021,1.4732687633812076
115,1015.0,0.803021229891553,0.13405493562937348,1.4720238387897975
116,1016.0,0.8018264649091615,0.13284616802987478,1.4708460350052683
117,1017.0,0.8007455847069207,0.1317544347192491,1.4697788421519862
118,1018.0,0.7998251125895082,0.13082600511797168,1.4688688579625035
119,1019.0,0.7991175360751863,0.13011294257931869,1.4681687992049306
120,1020.0,0.7986791509239675,0.12967099192488615,1.4677353550734034
121,1021.0,0.798561960723564,0.1295515382323028,1.4676210689794027
122,1022.0,0.798801212044728,0.1297892024101387,1.4678618146117912
123,1023.0,0.7994041876681487,0.1303907037118977,1.4684654946770948
124,1024.0,0.8003470234296317,0.13133176739602384,1.469408753151762
125,1025.0,0.8015818131827082,0.132564326908472,1.470643988179568
126,1026.0,0.8030501067732014,0.13403003896002294,1.4721128243782329
127,1027.0,0.804696960902008,0.13567413761706879,1.473760317141657
128,1028.0,0.8064818382749983,0.13745625066430062,1.4755458787617173
129,1029.0,0.8083844512709333,0.13935621569934578,1.4774491223903337
130,1030.0,0.8104037551532651,0.1413730590282993,1.4794688838036834
131,1031.0,0.8125494040452391,0.14351645095734766,1.481614718350843
132,1032.0,0.8148277250995928,0.1457926921670501,1.483892909030355
133,1033.0,0.817226393305933,0.14818940918651896,1.486291153312602
134,1034.0,0.8197029126949993,0.150664058492629,1.488767030209902
135,1035.0,0.82218216019673,0.15314149667080076,1.4912455168832601
136,1036.0,0.8245659329274693,0.15552355908892576,1.4936285163191756
137,1037.0,0.8267516309293805,0.15770776282099755,1.4958135346463834
138,1038.0,0.8286517121903865,0.15960674398392247,1.4977131339649157
139,1039.0,0.8302049975833551,0.1611594917219401,1.4992662200945097
140,1040.0,0.8313771083959145,0.16233168419055283,1.5004384425477277
141,1041.0,0.8321561552008083,0.16311132247314972,1.5012178579128361
142,1042.0,0.8325498686119391,0.16350590591246844,1.501612081121647
143,1043.0,0.8325819998736482,0.1635389318236252,1.5016447356242557
144,1044.0,0.8322837206246381,0.1632413748978431,1.5013468935202972
145,1045.0,0.8316823006524787,0.1626404007934895,1.5007457709277847
146,1046.0,0.830793769257682,0.16175203707957891,1.4998573938913007
147,1047.0,0.8296231095030808,0.16058136402498,1.4986867915930657
148,1048.0,0.8281699930264041,0.15912822393084605,1.4972337196884726
149,1049.0,0.8264361017834494,0.15739449002429484,1.4954999567025045
150,1050.0,0.8244306897401473,0.15538956040585739,1.4934948317708445
151,1051.0,0.8221727598940488,0.15313247675650554,1.491237370524625
152,1052.0,0.8196913578413867,0.1506522004622985,1.4887565773158429
153,1053.0,0.8170266552764961,0.14798873777515664,1.4860925390398103
154,1054.0,0.8142309477427621,0.14519421539729058,1.483297464029498
155,1055.0,0.811365439972243,0.14232972941446448,1.4804325017307725
156,1056.0,0.808491196077,0.13945630981577065,1.4775587004902424
157,1057.0,0.8056584163318701,0.13662416908773403,1.474726268700406
158,1058.0,0.802900470539029,0.13386670203232018,1.4719685899366723
159,1059.0,0.8002351804602698,0.13120175445005763,1.4693034983623372
160,1060.0,0.7976704685493069,0.12863727155596688,1.4667389277801552
161,1061.0,0.7952098671958835,0.12617680476701199,1.4642784197464163
162,1062.0,0.7928553185730781,0.12382230472209599,1.4619239197052674
163,1063.0,0.7906071549881246,0.12157409857205766,1.4596757557629905
164,1064.0,0.7884623070305651,0.11942910374509043,1.4575308502093365
165,1065.0,0.7864119007793975,0.11737843558293923,1.4554803228002682
166,1066.0,0.7844394734891649,0.11540562910340624,1.45350770994704
167,1067.0,0.7825214162204377,0.11348707802663938,1.451589405206694
168,1068.0,0.7806311072917084,0.11159615794502419,1.4496987866168485
169,1069.0,0.7787470875363854,0.10971139280641909,1.4478143865358153
170,1070.0,0.776864064541058,0.10782746134907742,1.4459308967576419
171,1071.0,0.775003366324947,0.10596566490081075,1.4440696301657057
172,1072.0,0.7732174140235041,0.10417841053858805,1.4422829995992565
173,1073.0,0.7715840438812215,0.10254352547090927,1.4406488356880969
174,1074.0,0.7701917789066904,0.10114951441964622,1.4392556503211749
175,1075.0,0.7691213327630727,0.10007706549079032,1.4381841415363643
176,1076.0,0.7684282717215222,0.09938173327904158,1.4374898675452632
177,1077.0,0.7681299392802734,0.09908088849529674,1.437190185777243
178,1078.0,0.7681994239358786,0.09914770133388288,1.4372582297087062
179,1079.0,0.7685688369745658,0.09951441900200629,1.4376261865305262
180,1080.0,0.7691417296034192,0.10008476254277196,1.438197702590461
181,1081.0,0.7698120630390676,0.10075286104711711,1.4388668329879202
182,1082.0,0.770486036822291,0.1014250447285612,1.4395398500982286
183,1083.0,0.7711016701669696,0.10203940374017612,1.4401548127021746
184,1084.0,0.7716399335141391,0.10257690671478283,1.4406926905944213
185,1085.0,0.7721241569073929,0.10306080522070697,1.441176770532046
186,1086.0,0.7726101155051851,0.10354674048034433,1.4416627530573896
187,1087.0,0.7731705748462724,0.1041073359767207,1.442223323895928
188,1088.0,0.7738754519211413,0.10481239863721233,1.442928337333321
189,1089.0,0.7747701300303547,0.10570723846584731,1.443823133768285
190,1090.0,0.7758603151684075,0.10679751273047976,1.444913389885303
191,1091.0,0.7771119664581533,0.10804916525108785,1.4461650554036687
192,1092.0,0.7784649628355362,0.10940211429156878,1.4475180326953092
193,1093.0,0.7798511466078246,0.11078828524769868,1.4489042138194415
194,1094.0,0.7812106194403684,0.11214785917376333,1.4502637482736311
195,1095.0,0.7825063944547216,0.11344388614462206,1.4515596719537174
196,1096.0,0.7837364495774075,0.11467433890204777,1.452789960387562
197,1097.0,0.784937699688318,0.1158761041391321,1.4539915121366467
198,1098.0,0.7861780364765876,0.11711703081836437,1.4552321939239947
199,1099.0,0.7875395193961667,0.11847912162415473,1.4565940321448736
200,1100.0,0.789099487399567,0.12003965343409624,1.4581543297240867
201,1101.0,0.7909145887498391,0.121855224133918,1.4599697057185586
202,1102.0,0.7930099324278462,0.12395091683057109,1.4620652540705168
203,1103.0,0.7953743259480076,0.12631553864284747,1.4644297819513683
204,1104.0,0.797961868757325,0.1289032055064707,1.4670173981929135
205,1105.0,0.8006991122159621,0.1316404908628236,1.469754666785066
206,1106.0,0.8034959713287545,0.13443732974501854,1.4725515142612997
207,1107.0,0.8062579474944059,0.1371992396452135,1.4753134514131296
208,1108.0,0.8088972649558415,0.13983845824606841,1.4779527104686494
209,1109.0,0.8113414820874013,0.14228255628235,1.480396857214926
210,1110.0,0.8135393910762676,0.14448033892836473,1.482594691576081
211,1111.0,0.8154645221953759,0.1464053514852463,1.4845197526479013
212,1112.0,0.8171164058583338,0.14805714044530138,1.4861715801706215
213,1113.0,0.8185196795174325,0.14946035695654,1.4875748194598915
214,1114.0,0.8197210775316682,0.15066174341849342,1.488776209406832
215,1115.0,0.8207840013365505,0.1517247012183812,1.4898391512704254
216,1116.0,0.8217804407712148,0.15272120927085134,1.4908356284452469
217,1117.0,0.8227810448840279,0.15372189339713585,1.4918362765166657
218,1118.0,0.8238451706448152,0.1547860782296948,1.4929004338728844
219,1119.0,0.8250128871404199,0.1559537989432512,1.4940681502317434
220,1120.0,0.8263006157520962,0.15724145023942965,1.495355831791658
221,1121.0,0.8277017077162101,0.1586423724694374,1.4967568235987292
222,1122.0,0.829192028695285,0.1601324422580778,1.4982469975495827
223,1123.0,0.8307385787273656,0.16167868817832776,1.4997933699179569
224,1124.0,0.8323084688646541,0.16324824931368764,1.5013630676548493
225,1125.0,0.8338768438569542,0.16481627942578045,1.502931240460418
226,1126.0,0.8354329142295458,0.16637197856491273,1.504487092621831
227,1127.0,0.836981843062974,0.1679204969610651,1.5060357796625587
228,1128.0,0.8385397932703419,0.16947799771071564,1.5075934644969036
229,1129.0,0.8401224373896008,0.17106016920060113,1.5091758287405
230,1130.0,0.8417308008636182,0.17266806400876078,1.5107839134799403
231,1131.0,0.8433391521861596,0.17427598278745773,1.5123920058131186
232,1132.0,0.8448889923040453,0.1758254570611403,1.513941624426102
233,1133.0,0.8462921459698851,0.1772283394135963,1.515344610258661
234,1134.0,0.84744318336344,0.17837923119677168,1.516495551653109
235,1135.0,0.8482377834448265,0.17917384945986264,1.5172901498045683
236,1136.0,0.8485923102250252,0.179528597242818,1.5176447915911908
237,1137.0,0.8484604620586831,0.1793972018500448,1.517513192460356
238,1138.0,0.8478429832881476,0.17878041358541502,1.5168961005247046
239,1139.0,0.8467874665041473,0.17772579272171343,1.5158410898980157
240,1140.0,0.8453791713237252,0.17631852181966523,1.5144333757156052
241,1141.0,0.8437270251644557,0.1746674241889343,1.5127818251901977
242,1142.0,0.8419478910554977,0.17288926586229714,1.5110032452658888
243,1143.0,0.8401500746593038,0.17109228739871934,1.5092059040181525
244,1144.0,0.8384181090730372,0.16936099091278023,1.5074743167089835
245,1145.0,0.8368030705507196,0.16774644769793967,1.5058595567410262
246,1146.0,0.835321271416274,0.1662649887915862,1.5043779471594982
247,1147.0,0.8339595657246276,0.1649035094970048,1.5030163656818714
248,1148.0,0.8326832261333783,0.16362733408097296,1.5017401146194027
249,1149.0,0.8314441297421722,0.16238838241712306,1.5005010957159206
250,1150.0,0.8301889637934458,0.1611333644027555,1.4992460093817035
251,1151.0,0.8288669197846017,0.15981147744980592,1.497924050739685
252,1152.0,0.8274354293939105,0.15838015311411424,1.4964926516446646
253,1153.0,0.8258629821786684,0.15680788163872267,1.494920302220798
254,1154.0,0.8241296955486973,0.15507478195649022,1.4931871207806378
255,1155.0,0.8222272519111856,0.15317253700266042,1.4912847899210016
256,1156.0,0.8201592814655261,0.15110477707944725,1.4892169397183088
257,1157.0,0.8179421094382788,0.14888782927999814,1.486999896306694
258,1158.0,0.815605068221349,0.1465510299578158,1.4846629942430023
259,1159.0,0.8131896566253483,0.14413588047497627,1.482247733714505
260,1160.0,0.8107474707859342,0.14169397260242295,1.4798057082184304
261,1161.0,0.8083374710831912,0.13928425228451435,1.4773958696351515
262,1162.0,0.8060233054237571,0.13697034505921782,1.4750818527696774
263,1163.0,0.803871109577568,0.1348183629527023,1.4729297795358973
264,1164.0,0.8019478085828308,0.13289521346004451,1.4710065647960187
265,1165.0,0.8003196293035595,0.13126711726334642,1.4693784319245333
266,1166.0,0.7990502969856488,0.1299978054545182,1.4681091097302417
267,1167.0,0.7981983094389566,0.12914578981427857,1.4672571043284746
268,1168.0,0.7978128666021521,0.1287602859594048,1.4668716249288303
269,1169.0,0.7979284336309604,0.12887577062415662,1.466987143511102
270,1170.0,0.7985583992096974,0.12950563707016283,1.4676170514370739
271,1171.0,0.7996887878459127,0.13063590758330684,1.4687473718774626
272,1172.0,0.8012735293628921,0.13222050522883885,1.470332030647329
273,1173.0,0.8032332791069661,0.13418007861355707,1.4722916790742981
274,1174.0,0.8054595718139981,0.13640616358406663,1.4745178524027625
275,1175.0,0.8078245482761209,0.13877091708105715,1.4768827006194174
276,1176.0,0.8101945294192242,0.1411406887634079,1.4792525611225122
277,1177.0,0.8124451438210298,0.14339113415288413,1.4815030779485487
278,1178.0,0.8144763560538595,0.14542222823604845,1.4835342216160075
279,1179.0,0.8162255280790464,0.14717132523100832,1.4852833496010036
280,1180.0,0.817675292227421,0.1486210419982716,1.4867330853571046
281,1181.0,0.8188530226836357,0.1497987393292826,1.4879107954532491
282,1182.0,0.8198214301446353,0.15076711871887982,1.488879185418464
283,1183.0,0.8206631486126233,0.15160880742917687,1.489720885492544
284,1184.0,0.8214636589471825,0.15240928164261833,1.490521373915235
285,1185.0,0.8222964548147035,0.15324203343446885,1.491354143459628
286,1186.0,0.8232131328720422,0.15415866115521593,1.4922707917563582
287,1187.0,0.8242396223609757,0.15518509817379317,1.4932972504482067
288,1188.0,0.825378012729771,0.1563234400266,1.4944356125885927
289,1189.0,0.8266116641805518,0.15755705426578442,1.4956692427941147
290,1190.0,0.8279105515209911,0.15885592126890813,1.4969681192908237
291,1191.0,0.8292347456219695,0.16018011148892802,1.4982923128625434
292,1192.0,0.8305356595322265,0.16148103035667422,1.4995932322028667
293,1193.0,0.8317559466144375,0.16270131979901534,1.5008135239844727
294,1194.0,0.8328295847707501,0.16377494799372103,1.5018871602935262
295,1195.0,0.8336838405468926,0.16462917795788487,1.502741405357005
296,1196.0,0.8342442297774004,0.16518952979888815,1.5033017771571238
297,1197.0,0.8344423679684184,0.16538762970008922,1.503499897054813
298,1198.0,0.8342252164764918,0.16517045275585623,1.5032827340868447
299,1199.0,0.8335631545412598,0.16450839017709148,1.502620674252644
300,1200.0,0.8324542333364818,0.16339949734903628,1.5015117711267052
301,1201.0,0.8309232343275158,0.16186854795029876,1.499980801766375
302,1202.0,0.8290159105618274,0.15996127693435286,1.498073508952543
303,1203.0,0.8267900101207614,0.15773541220065318,1.4958476293296532
304,1204.0,0.8243052676755016,0.155250676882079,1.4933628910599612
305,1205.0,0.8216146369140821,0.15256002945737027,1.490672250572903
306,1206.0,0.8187585001708678,0.1497038737917828,1.4878161023654786
307,1207.0,0.8157626391546586,0.14670802255505275,1.4848202455519424
308,1208.0,0.8126397580116356,0.14358520942436578,1.4816974008062944
309,1209.0,0.8093933828517104,0.14033897941191378,1.478451104769345
310,1210.0,0.8060222798070642,0.13696810163675902,1.4750801252097028
311,1211.0,0.8025236664463015,0.13346977907484844,1.4715816715508614
312,1212.0,0.7988944254306255,0.12984086350913204,1.4679526092669044
313,1213.0,0.7951306705428597,0.1260774252797703,1.4641890279887302
314,1214.0,0.7912268977854712,0.12217391037764665,1.460285395934718
315,1215.0,0.7871763320274531,0.11812349632886812,1.4562349116905369
316,1216.0,0.7829736495525339,0.11392082812395653,1.452032234201842
317,1217.0,0.7786199840151344,0.10956703919392585,1.4476784970868826
318,1218.0,0.7741287166458877,0.10507555147394582,1.4431871043150306
319,1219.0,0.769529980279918,0.1004765775628035,1.43858823319253
320,1220.0,0.7648722190859569,0.09581866536432695,1.4339303857322345
321,1221.0,0.7602199516930482,0.09116643605921099,1.429278137809326
322,1222.0,0.75564794914164,0.08659473299989962,1.4247063008603675
323,1223.0,0.7512335734456195,0.08218093802166283,1.4202922478968398
324,1224.0,0.7470501029859629,0.07799829391464995,1.4161092372240291
325,1225.0,0.7431628970393753,0.07411208743303212,1.4122225874313006
326,1226.0,0.7396277704543135,0.07057804870384601,1.4086880660336907
327,1227.0,0.736489869498916,0.06744123968855768,1.4055507722935752
328,1228.0,0.7337829197286432,0.06473530170679695,1.4028443846742016
329,1229.0,0.7315303237473897,0.06248355585015332,1.4005922600439755
330,1230.0,0.7297483757316923,0.06070223240929623,1.3988106568000604
331,1231.0,0.7284492767069691,0.05940350268874424,1.3975117596907634
332,1232.0,0.7276412955176439,0.058595642231732886,1.3967038420434446
333,1233.0,0.7273258068973866,0.05828005448099058,1.396388295451898
334,1234.0,0.7274933327213758,0.05844729229057906,1.3965556596002322
335,1235.0,0.7281211153318792,0.059074618255352,1.397183188119248
336,1236.0,0.7291736335024503,0.06012651880151309,1.3982353635649891
337,1237.0,0.7306061426497993,0.061558251630954644,1.3996674419327182
338,1238.0,0.7323702523621697,0.06332143455375437,1.4014310368191467
339,1239.0,0.7344197516171385,0.06536987934073292,1.403479949664988
340,1240.0,0.7367148393242069,0.06766382309017088,1.4057744007354815
341,1241.0,0.7392239406327401,0.07017173915303594,1.4082828422610871
342,1242.0,0.7419234237859287,0.07287004897848191,1.4109816724001851
343,1243.0,0.7447956428838537,0.0757411625102203,1.4138532767188883
344,1244.0,0.7478254040405421,0.07876993934326249,1.416882491561843
345,1245.0,0.750995496987638,0.08193920891765039,1.4200521291101398
346,1246.0,0.7542829620575421,0.08522602493139796,1.4233392370982387
347,1247.0,0.7576577027863319,0.08860027313974018,1.4267137086656618
348,1248.0,0.7610836472677679,0.0920258387530463,1.4301394472920703
349,1249.0,0.7645212767590974,0.09546314796694541,1.4335769029407808
350,1250.0,0.7679301202525178,0.09887167735322723,1.4369855751157485
351,1251.0,0.771270480752336,0.10221169419300878,1.440325747028339
352,1252.0,0.7745042707650638,0.10544510213140085,1.443559326721899
353,1253.0,0.7775951763159836,0.10853560629359801,1.4466500116030279
354,1254.0,0.7805089503089111,0.11144899654588226,1.4495635759092367
355,1255.0,0.7832153855454902,0.11415510544185528,1.4522698349123215
356,1256.0,0.7856932022108529,0.11663268529271584,1.4547475264909795
357,1257.0,0.7879367680145101,0.1188761221654989,1.456991029239784
358,1258.0,0.7899608826029269,0.12090020519514862,1.4590151428439653
359,1259.0,0.79180042547693,0.12273974689296323,1.4608547276725037
360,1260.0,0.7935057499555387,0.12444496198545917,1.462560096058179
361,1261.0,0.7951371314797844,0.1260759428952606,1.4641914739462045
362,1262.0,0.7967593048925252,0.1276972650047787,1.4658135619886632
363,1263.0,0.7984339607394548,0.12937055496012048,1.467488047322127
364,1264.0,0.8002090779913674,0.13114385379613647,1.4692629317106762
365,1265.0,0.8021085384171639,0.13304120227151214,1.471162131433577
366,1266.0,0.8041276942642702,0.13505814117475648,1.473181037997781
367,1267.0,0.8062375977618575,0.13716587222009205,1.4752907493765735
368,1268.0,0.8083960203482363,0.13932223642442773,1.4774490870589947
369,1269.0,0.810560899282768,0.1414851592993118,1.4796140291730393
370,1270.0,0.8127016035707642,0.14362394797595138,1.48175495779155
371,1271.0,0.8148044619921497,0.14572486309423402,1.4838581749455577
372,1272.0,0.8168711278692116,0.1477895191359137,1.485925268847542
373,1273.0,0.8189111117169248,0.14982743213671287,1.4879656614168562
374,1274.0,0.820932073846436,0.15184630600736782,1.4899869250458604
375,1275.0,0.8229321949486027,0.15384438522275024,1.491987179045064
376,1276.0,0.8248976463314265,0.15580775163376967,1.4939527339406922
377,1277.0,0.8268054729252227,0.1577127243116065,1.4958614482916195
378,1278.0,0.8286297638231251,0.15953224422730658,1.4976886648099181
379,1279.0,0.8303480222722867,0.16124255151056546,1.499413246017137
380,1280.0,0.8319449043062079,0.16282712993658596,1.5010210848701195
381,1281.0,0.8334113006986831,0.16427590187713037,1.5025040650446728
382,1282.0,0.8347381864331977,0.1655791209556718,1.50385387080655
383,1283.0,0.8359072268461774,0.16671799676392027,1.505052588431599
384,1284.0,0.8368827239121834,0.1676566737929241,1.5060646505779438
385,1285.0,0.8376091499681666,0.168339796867939,1.506834382548465
386,1286.0,0.8380147615805426,0.168696094024419,1.507289670257983
387,1287.0,0.8380191095662973,0.1686457636459999,1.5073495605285605
388,1288.0,0.8375436039658256,0.16811088020874906,1.5069349151756808
389,1289.0,0.8365254775826987,0.1670292550814354,1.5059824301340996
390,1290.0,0.8349318867089658,0.16536852519954073,1.5044587524861155
391,1291.0,0.832766759257886,0.1631330266696493,1.5023673223336946
392,1292.0,0.8300661349373442,0.16035914148741748,1.4997437071492896
393,1293.0,0.8268853058482071,0.15710243481789346,1.4966427459736273
394,1294.0,0.8232839819304587,0.1534228419575233,1.4931237171400968
395,1295.0,0.8193133984908049,0.14937182236310825,1.4892374369131136
396,1296.0,0.8150076084527391,0.14498369166556604,1.4850175454054824
397,1297.0,0.8103815666551454,0.14027371627930826,1.4804786147945652
398,1298.0,0.8054371520679502,0.13524411967712865,1.4756222293583787
399,1299.0,0.8001741386644292,0.12989502385805982,1.4704480151084622
400,1300.0,0.7946002970577245,0.12423451646541775,1.4649637643123155
401,1301.0,0.7887357250463196,0.11828298137159364,1.4591897077115703
402,1302.0,0.7826097933216577,0.11207015288178217,1.4531552658533171
403,1303.0,0.7762522999863695,0.10562627511912129,1.446890109495459
404,1304.0,0.7696823200805746,0.0989709170537305,1.4404129635893945
405,1305.0,0.7628993052203933,0.09210403390782164,1.4337226794930324
406,1306.0,0.7558818582934754,0.08500472292741247,1.4267969962186824
407,1307.0,0.7485990941339365,0.07764262211661113,1.4196039086930343
408,1308.0,0.741035487369305,0.07000286969298064,1.4121265815466704
409,1309.0,0.7332226335056906,0.06211801099408584,1.4043952815957619
410,1310.0,0.7252642221458511,0.0540930493405981,1.396512611489007
411,1311.0,0.7173401069766099,0.04610940921349425,1.3886578055422936
412,1312.0,0.7096849691415005,0.03840328915104756,1.3810654380816862
413,1313.0,0.7025501961486681,0.031227161940059117,1.373987139786635
414,1314.0,0.6961633215316243,0.024808948516284415,1.3676507868460852
415,1315.0,0.6906956795857602,0.01931959373059106,1.362227967247903
416,1316.0,0.6862432371009067,0.014853974232637186,1.3578147541788406
417,1317.0,0.6828229879851684,0.011427486911351252,1.3544281527650095
418,1318.0,0.6803853194419577,0.008988693447118225,1.3520185722387092
419,1319.0,0.678838567826942,0.007444160952989169,1.3504944868070576
420,1320.0,0.6780775314264729,0.006687163353047308,1.3497510187279482
421,1321.0,0.6780064007803532,0.006620648699377223,1.3496928915308088
422,1322.0,0.6785505747662522,0.007168980472772703,1.3502462201666714
423,1323.0,0.679659112906037,0.00828032287458822,1.3513608892742615
424,1324.0,0.681302911941561,0.009924869822998894,1.3530085900204294
425,1325.0,0.6834704263170728,0.012090775715990435,1.3551782950907567
426,1326.0,0.6861589858812648,0.014775638403278278,1.3578673835126795
427,1327.0,0.6893605961961343,0.017971801087592755,1.361067881400925
428,1328.0,0.6930464263421237,0.021650602361603398,1.3647510929309596
429,1329.0,0.6971587601011111,0.02575428211895015,1.3688595142146405
430,1330.0,0.7016166393617723,0.030201667738940015,1.3733124213669545
431,1331.0,0.7063342209354088,0.03490665513607743,1.3780241823789354
432,1332.0,0.7112456463536208,0.03980325431963007,1.382929117624317
433,1333.0,0.7163273149334858,0.044868041936743444,1.3880038045155694
434,1334.0,0.721606727429975,0.05012911453242081,1.3932759618002697
435,1335.0,0.7271498219743864,0.05565338710514355,1.3988117895538923
436,1336.0,0.7330274742109336,0.06151287390928818,1.4046824219324554
437,1337.0,0.7392724835257397,0.06774132722962625,1.4109208421486785
438,1338.0,0.7458449747645997,0.07429932205308117,1.4174872357611417
439,1339.0,0.7526204289784618,0.0810621718997056,1.424257022381833
440,1340.0,0.759400421484906,0.0878307868387105,1.4310316248308874
441,1341.0,0.7659357031380657,0.09435500936596525,1.4375615830907083
442,1342.0,0.7719558236164803,0.10036354521754869,1.4435762279713347
443,1343.0,0.7772065558406486,0.10560169626405576,1.4488211979640657
444,1344.0,0.7814902874337495,0.10987194247978317,1.4530989248557369
445,1345.0,0.7846936721197485,0.11306154040850681,1.4562963000110725
446,1346.0,0.7867898801822392,0.11514450972697726,1.458386838618473
447,1347.0,0.7878192687058883,0.11616201834831356,1.4594112331682496
448,1348.0,0.7878628447169234,0.11619569106420348,1.4594507466223037
449,1349.0,0.7870189911530387,0.11534430766918892,1.4586039242526927
450,1350.0,0.7853860613360168,0.11370641399729227,1.4569691950710084
451,1351.0,0.7830505977291096,0.11136854811699641,1.45463309294431
452,1352.0,0.7800817712247502,0.10839967793121755,1.4516646933358006
453,1353.0,0.7765328252238597,0.10485266281736327,1.4481170641064134
454,1354.0,0.7724482473768215,0.10077148632726948,1.4440344653673538
455,1355.0,0.7678725662580107,0.0962001562189962,1.4394611944964044
456,1356.0,0.7628551392205476,0.0911876033957176,1.434446423457317
457,1357.0,0.7574467496995794,0.08578434022101153,1.4290408157998307
458,1358.0,0.7516892282660961,0.08003205888996029,1.423286120810753
459,1359.0,0.745605631985061,0.0739537401242361,1.4172053015437256
460,1360.0,0.7391992452340526,0.06755260555337646,1.4108015072846845
461,1361.0,0.732463371825221,0.06082190278645011,1.404067895889096
462,1362.0,0.7253971047942228,0.053760659224268856,1.3970035017490399
463,1363.0,0.718019988557556,0.04638826542549765,1.3896280436011932
464,1364.0,0.7103796206869456,0.03875194757230232,1.3819896513105934
465,1365.0,0.7025492972841505,0.030924331868230404,1.3741625049934965
466,1366.0,0.6946176905790113,0.022993227956843762,1.3662362804974038
467,1367.0,0.6866769910671578,0.015050112299486414,1.3583038518728032
468,1368.0,0.6788165036460969,0.007184064828486905,1.3504545086463167
469,1369.0,0.6711244831618055,-0.0005166143243880568,1.3427760183338586
470,1370.0,0.6636946565152166,-0.007959029957505548,1.3353623377812731
471,1371.0,0.6566305283216538,-0.01504288998274837,1.3283195141995674
472,1372.0,0.6500429796535152,-0.02166344363711517,1.3217639461937882
473,1373.0,0.6440416391323119,-0.02771877702316029,1.315812496076665
474,1374.0,0.6387233704521127,-0.033118394516316194,1.3105680275183635
475,1375.0,0.6341614584573846,-0.03779083989672524,1.3061053856394378
476,1376.0,0.6303989587176855,-0.04169184494715521,1.302466612299889
477,1377.0,0.6274484756548527,-0.04481518739728511,1.2996722294812901
478,1378.0,0.6252974516563259,-0.047186097116929886,1.2977246743642148
479,1379.0,0.6239158059483569,-0.0488502091769643,1.2966112180391929
480,1380.0,0.6232624653569637,-0.04986414940917114,1.296306573800569
481,1381.0,0.62328840991862,-0.050289522751874954,1.2967728399207985
482,1382.0,0.6239371734596673,-0.05019018478160985,1.2979585673634249
483,1383.0,0.6251467389108093,-0.04963010104153801,1.2998015884277545
484,1384.0,0.6268550380228883,-0.048669638155627776,1.3022372110159954
485,1385.0,0.6290067923252186,-0.04736131473210756,1.3052079749401804
486,1386.0,0.6315575151277177,-0.04574772597662913,1.3086693537988385
487,1387.0,0.6344723208381065,-0.043863132107437294,1.3125883107367735
488,1388.0,0.6377206631585965,-0.04173759676507557,1.3169360158728494
489,1389.0,0.6412706782811183,-0.03940073514989587,1.3216794237887015
490,1390.0,0.6450866217879515,-0.03688260530552902,1.3267765453112916
491,1391.0,0.6491300624763338,-0.03421188113023038,1.3321770788366858
492,1392.0,0.6533626707267391,-0.03141375701752896,1.3378264978707237
493,1393.0,0.6577482488219356,-0.028509683515672173,1.3436707541925157
494,1394.0,0.6622535646077664,-0.025518699884880234,1.349660175031389
495,1395.0,0.6668489307303526,-0.02245860813808425,1.3557524404520556
496,1396.0,0.6715089254207004,-0.01934607201878076,1.3619143970128107
497,1397.0,0.6762124404094606,-0.016196478463582038,1.3681219004954681
498,1398.0,0.6809411913611192,-0.013024825542165022,1.3743572801431325
499,1399.0,0.6856767841299788,-0.009847970409832115,1.3806050488133548
500,1400.0,0.6903970787587679,-0.006687734226116505,1.386846968089129
501,1401.0,0.6950725787589037,-0.0035735272573795118,1.3930567214008067
502,1402.0,0.6996635821613162,-0.0005424653109875073,1.3991937781307806
503,1403.0,0.7041190509222115,0.002359682566388605,1.4052019011586787
504,1404.0,0.7083780215031572,0.005079041701740571,1.4110116070765455
505,1405.0,0.712373878595223,0.007556840830026363,1.4165459788486716
506,1406.0,0.7160414139740098,0.009735440171297023,1.4217293847440258
507,1407.0,0.7193260995078162,0.011566942107018578,1.4264980361957227
508,1408.0,0.7221940407239997,0.013023093819976893,1.4308104671110458
509,1409.0,0.7246400743900377,0.014103938316099301,1.4346553152063644
510,1410.0,0.7266911787531397,0.014842215980123264,1.4380537077677726
511,1411.0,0.7284035724184743,0.015301710542218329,1.4410548345587937
512,1412.0,0.7298548437617527,0.01557060414221804,1.443726401628886
513,1413.0,0.7311351223157317,0.015753273173304962,1.4461446563892093
514,1414.0,0.7323404353401982,0.015962827121135312,1.4483880794815929
515,1415.0,0.7335670472800783,0.016312629194177596,1.4505342579202019
516,1416.0,0.734902537435558,0.016903104106446746,1.4526553620579492
517,1417.0,0.7364123710361501,0.017804524763875305,1.4548091797001628
518,1418.0,0.7381281591043122,0.019044067609872276,1.4570296306625508
519,1419.0,0.74004715550389,0.020606855694605842,1.4593256453049266
520,1420.0,0.7421459559263279,0.022451976226077915,1.4616928531343147
521,1421.0,0.7444015240435281,0.024534887934997536,1.46413272825043
522,1422.0,0.7468099858274018,0.02682708385752248,1.4666693820679413
523,1423.0,0.7493974929867587,0.02932903867836526,1.4693570223423944
524,1424.0,0.7522213205249509,0.032075753326483165,1.4722757081360753
525,1425.0,0.7553618202315276,0.03513522833739177,1.4755168398612202
526,1426.0,0.7589085534813043,0.0385986413034403,1.4791662816963458
527,1427.0,0.7629459649026102,0.042556753780813895,1.483300409535701
528,1428.0,0.7675436879262882,0.047085645335747155,1.4879814036967267
529,1429.0,0.7727541381667703,0.05224218808684776,1.4932569413760761
530,1430.0,0.7786158227085926,0.058066089276304106,1.4991644976834755
531,1431.0,0.7851568302965698,0.06458356779898285,1.5057343129124896
532,1432.0,0.7923942398245155,0.0718079702497734,1.5129873608607596
533,1433.0,0.8003319449540749,0.07973897370585964,1.520931724644963
534,1434.0,0.808963289433662,0.08836625463814628,1.5295642552978979
535,1435.0,0.8182802358345898,0.0976792226218629,1.5388793210105072
536,1436.0,0.8282812061945029,0.10767498846002763,1.5488767380993287
537,1437.0,0.8389644722234393,0.11835154018518794,1.5595555452407874
538,1438.0,0.8503040466060308,0.12968321879363257,1.570890240964584
539,1439.0,0.8622245974200183,0.1415951964760738,1.5828058403140084
540,1440.0,0.874594332889325,0.1539560560987679,1.5951707609358983
541,1441.0,0.8872383294614405,0.16659098451061857,1.6078101257912416
542,1442.0,0.8999675476999542,0.1793108213580213,1.6205348016679482
543,1443.0,0.912621077290575,0.19195448586871253,1.633183742044648
544,1444.0,0.9251018635106687,0.20442482529926545,1.6456597913781363
545,1445.0,0.9373755512279117,0.21668740125435207,1.6579285121759577
546,1446.0,0.949447024246375,0.22874711465506664,1.6699947708477023
547,1447.0,0.9613399535019178,0.24062771129599325,1.6818822606015957
548,1448.0,0.9730844169288377,0.25235935263075704,1.6936210891359045
549,1449.0,0.9847136383081707,0.26397532148565583,1.7052444941008125
550,1450.0,0.996267514662713,0.2755155213912541,1.716792352939501
551,1451.0,1.0077912564717943,0.2870252028010344,1.7283098679580131
552,1452.0,1.0192994647627542,0.2985190730013342,1.739811662581739
553,1453.0,1.0307261871062774,0.30993118278256987,1.751231756646555
554,1454.0,1.0419013816127123,0.32109133719359934,1.7624000083283489
555,1455.0,1.0525623429013846,0.331736620272681,1.7730535775233338
556,1456.0,1.0623960360787787,0.3415538611693816,1.7828792988797557
557,1457.0,1.0711135847244107,0.3502542947522497,1.791588255985744
558,1458.0,1.078544909085201,0.3576684365354338,1.7990106035495763
559,1459.0,1.0847083608882593,0.3638158484393523,1.8051653512285937
560,1460.0,1.0898036136376799,0.3688978096683,1.8102531353207973
561,1461.0,1.0941247423279725,0.3732098686969992,1.814568913225358
562,1462.0,1.097948085542975,0.3770292175770139,1.8183894643303415
563,1463.0,1.1014561266362721,0.38053841082483586,1.8218971865294153
564,1464.0,1.1047193233073602,0.38380734569474756,1.8251620991347814
565,1465.0,1.107719925208087,0.38681734963471825,1.8281659057334778
566,1466.0,1.1103903071839643,0.3894997353706362,1.8308404898239823
567,1467.0,1.1126454147545712,0.3917683683739703,1.8331003868513234
568,1468.0,1.1144024153349832,0.39353940415622923,1.8348623596151157
569,1469.0,1.1155946651490745,0.3947454128009996,1.836059293473414
570,1470.0,1.1161887032348794,0.39535254109206475,1.8366572138104182
571,1471.0,1.1161971262914474,0.395373346186973,1.8366682661873892
572,1472.0,1.115681855048316,0.39486993703052004,1.8361542068754184
573,1473.0,1.1147477656338145,0.3939473957488215,1.8352202268408226
574,1474.0,1.1135256997410676,0.3927366169082419,1.8339979468551917
575,1475.0,1.112145705285545,0.39136768320850324,1.832618271532817
576,1476.0,1.1107050992625596,0.3899389760651589,1.8311781770151012
577,1477.0,1.109249821350588,0.3885001603890424,1.8297202804866564
578,1478.0,1.1077765419675563,0.3870524093085365,1.828236909773576
579,1479.0,1.10624444295077,0.3855588186422967,1.8266835267404473
580,1480.0,1.1045840005487713,0.38395317611866325,1.8249878255727667
581,1481.0,1.1026938670915232,0.38213765149363305,1.8230459473921754
582,1482.0,1.100423045879603,0.3799659104977197,1.8207035301306733
583,1483.0,1.097551286609594,0.37722394893202466,1.8177351263481483
584,1484.0,1.093798606860816,0.37363922409653233,1.81385347432289
585,1485.0,1.0888877339194782,0.3689420172202755,1.8087727511287193
586,1486.0,1.0826365317299536,0.3629566329907769,1.8023025664592203
587,1487.0,1.0750149816265857,0.35565744428467533,1.7944063713326555
588,1488.0,1.0661308275239703,0.3471538501199778,1.7851879186622974
589,1489.0,1.0561772961961937,0.3376374254588864,1.7748395629909919
590,1490.0,1.0453883517888096,0.3273367989638293,1.7635982168824504
591,1491.0,1.0340121239562967,0.3164909474621988,1.7517195599508506
592,1492.0,1.0222980656882512,0.30533663082354745,1.7394656440266427
593,1493.0,1.0104957377715946,0.29410834515406514,1.7271028837889748
594,1494.0,0.9988526343951013,0.28303811437824394,1.714897474251305
595,1495.0,0.9875919963154866,0.27233529600798906,1.7030901259114115
596,1496.0,0.9768803288596687,0.2621562808361047,1.691860488832208
597,1497.0,0.9668055801867,0.25258439847978276,1.6813029560804205
598,1498.0,0.9573732691771732,0.2436266229831812,1.6714219782863506
599,1499.0,0.9485223110092627,0.23522866661742595,1.662148725774815
600,1500.0,0.9401589366119872,0.22730703294641494,1.6533771547616893
601,1501.0,0.9322001338948477,0.21979020182333267,1.6450102034998118
602,1502.0,0.9245966071094182,0.21263923527896178,1.6369857267548815
603,1503.0,0.9173307232546789,0.20584477399767395,1.6292756310780028
604,1504.0,0.9104082986722388,0.19941828241337858,1.6218782387192845
605,1505.0,0.9038479197562052,0.19338088059019307,1.6148081311605085
606,1506.0,0.8976635817642431,0.18774579352392937,1.6080789773289454
607,1507.0,0.8918486152505225,0.18250244107182279,1.6016872916984684
608,1508.0,0.8863755198546751,0.17761649849629696,1.59561217222869
609,1509.0,0.8812138444094201,0.173047904214222,1.5898333179389523
610,1510.0,0.87635252115684,0.16877347924797423,1.5843532568387388
611,1511.0,0.8718127217960783,0.16480060006420968,1.5792092826403252
612,1512.0,0.8676484327816365,0.16116925091985615,1.5744721758037645
613,1513.0,0.8639398826249948,0.15794737488043703,1.5702372011615071
614,1514.0,0.8607840735612352,0.15522321410667775,1.5666123558833145
615,1515.0,0.8582831089450726,0.15309458154728822,1.5637054447469703
616,1516.0,0.8565311645240293,0.15165546945912162,1.5616113818642479
617,1517.0,0.8556021668615229,0.15098234191082985,1.5604015003739988
618,1518.0,0.8555378701180777,0.15112071032496743,1.5601134787131516
619,1519.0,0.8563329884888492,0.15206962733852017,1.5607372970211308
620,1520.0,0.8579171286639596,0.1537642071149013,1.5621964790198006
621,1521.0,0.8601420989294305,0.1560641203743244,1.5643340019077532
622,1522.0,0.8627876054122638,0.15875975437705583,1.56691754948167
623,1523.0,0.8655906529037072,0.16160025982452575,1.5696706752983893
624,1524.0,0.8682886893379004,0.1643335764732945,1.5723196112692988
625,1525.0,0.870656982892239,0.16674020578434112,1.574634501237943
626,1526.0,0.8725266148112585,0.16865003922318186,1.5764483270336151
627,1527.0,0.8737842809585696,0.169947328305437,1.5776510156466215
628,1528.0,0.8743633414709071,0.17056369664243767,1.5781783444255635
629,1529.0,0.8742332694874766,0.17046756547322614,1.5780013996206224
630,1530.0,0.873389859730083,0.16965409324147626,1.577117052750131
631,1531.0,0.8718466657797453,0.16813643059213676,1.5755395548109172
632,1532.0,0.8696280569896794,0.16593873558092065,1.5732935973655562
633,1533.0,0.8667643031291982,0.1630912952651809,1.5704093319779437
634,1534.0,0.8632893074935153,0.15962830144198775,1.566920061844808
635,1535.0,0.8592418229774558,0.1555890685999351,1.562863505914716
636,1536.0,0.8546699343569917,0.15102245979463644,1.5582864402613823
637,1537.0,0.8496361049330489,0.14599182175844233,1.5532499824108073
638,1538.0,0.8442184790873022,0.14057614279048516,1.547831133994645
639,1539.0,0.8385058854030576,0.13486492183000068,1.5421179418001174
640,1540.0,0.8325880877514389,0.12894834633420738,1.5361997749368093
641,1541.0,0.8265458207969847,0.12290733845441734,1.5301572662213525
642,1542.0,0.820445268951301,0.1168081099110744,1.5240566427648972
643,1543.0,0.8143393007963932,0.11070349350473993,1.5179508351411266
644,1544.0,0.8082743868183719,0.10463993553883531,1.5118863344972422
645,1545.0,0.8022996657828365,0.0986665895687118,1.5059122577905861
646,1546.0,0.7964740733811615,0.09284241915324258,1.5000875047114919
647,1547.0,0.7908684146052246,0.0872381948408154,1.4944828564974444
648,1548.0,0.785560726743199,0.08193174216672687,1.4891763421317286
649,1549.0,0.7806246222220978,0.07699615412498749,1.4842415529334336
650,1550.0,0.7761127324870684,0.07248315180931357,1.4797310381327995
651,1551.0,0.7720424447511027,0.0684088939570826,1.475662010544105
652,1552.0,0.7683950124370349,0.06475337895492525,1.472015484149827
653,1553.0,0.7651333349988185,0.06147858249361298,1.468754126452199
654,1554.0,0.7622303151694502,0.05855690692559511,1.4658506560304736
655,1555.0,0.7596951181675045,0.0559971384395927,1.4633140741162767
656,1556.0,0.7575922312980893,0.05386314864741827,1.461208713103019
657,1557.0,0.7560503930618235,0.05228288801007264,1.4596632478670626
658,1558.0,0.7552519487313804,0.05143832172399453,1.4588601603546922
659,1559.0,0.7553948461359787,0.05152818194148032,1.458997750240912
660,1560.0,0.7566334302610306,0.05270924844710449,1.460230815351193
661,1561.0,0.759018803386983,0.05503660972219579,1.4626108257175645
662,1562.0,0.7624645675006716,0.058428627782626204,1.466051496193262
663,1563.0,0.7667537134808454,0.06267256557799628,1.470335591441788
664,1564.0,0.7715816728852019,0.06746639311244992,1.4751580134998292
665,1565.0,0.7766142325015739,0.07247606525475209,1.4801838894806965
666,1566.0,0.7815370004233201,0.07738514310131504,1.4850983638220498
667,1567.0,0.7860853870045463,0.08192531041001372,1.4896370726614332
668,1568.0,0.7900617760872403,0.08589405323613575,1.49360387931012
669,1569.0,0.7933495290444337,0.08916926260957754,1.4968851138081047
670,1570.0,0.7959187435288981,0.09171596805186809,1.499454739871529
671,1571.0,0.7978145165789021,0.09357594095296319,1.5013611587138167
672,1572.0,0.7991342783028298,0.09484645086955638,1.5027027843176202
673,1573.0,0.8000085140751816,0.09566181214683814,1.5036076998475512
674,1574.0,0.8005842290216292,0.09617608712134888,1.5042177000482004
675,1575.0,0.8009989690816125,0.09653471989295763,1.5046644025296378
676,1576.0,0.8013456213815472,0.0968346551135682,1.5050383223583714
677,1577.0,0.8016431637867525,0.09708925511316675,1.5053651020647123
678,1578.0,0.801827548784238,0.09722551339036409,1.5055903380485356
679,1579.0,0.801768520192613,0.09710638031187724,1.5055913042027989
680,1580.0,0.8013066438530041,0.09657028983169601,1.5052118445354947
681,1581.0,0.8002913648097771,0.09546894950852766,1.5043007575404124
682,1582.0,0.7986010810126456,0.09368524339492884,1.5027337819897304
683,1583.0,0.7961413344239827,0.09112902346499717,1.5004138667569475
684,1584.0,0.792827384130018,0.08771795392255688,1.4972551859349625
685,1585.0,0.7885581161590705,0.08335028295080914,1.4931578078535754
686,1586.0,0.7831886925829701,0.07787667569367092,1.4879806125472872
687,1587.0,0.7765124781188701,0.07108142715828576,1.481523289065826
688,1588.0,0.7682651423025583,0.0626859757722061,1.4735305824470946
689,1589.0,0.758162239919426,0.052386938620841005,1.463729766082212
690,1590.0,0.7459728336328022,0.03993263962568832,1.4519028584063491
691,1591.0,0.7316081235284716,0.02521707672076408,1.4379723412982233
692,1592.0,0.715184301467689,0.008349140043026608,1.4220599624409527
693,1593.0,0.6970216812707573,-0.010344590441354018,1.4044827774530901
694,1594.0,0.67758195611866,-0.030384850514636245,1.3856906141009464
695,1595.0,0.6574362953044335,-0.05117466851436542,1.3662343689760517
696,1596.0,0.6373532279765862,-0.0718996944415373,1.346844481701659
697,1597.0,0.6183293995515537,-0.091484288419614,1.3284527492714537
698,1598.0,0.60137835912064,-0.10882170994773877,1.3119954937374112
699,1599.0,0.5872453883790789,-0.12310147487145903,1.2981599223013567
700,1600.0,0.5763032854981275,-0.1339385280409924,1.2872995598987644
701,1601.0,0.5686628513614369,-0.14125706994044263,1.2795427510974322
702,1602.0,0.5643188779364067,-0.14513101561344638,1.2749315252802436
703,1603.0,0.5631571248811182,-0.1457725369470343,1.27342797236934
704,1604.0,0.5648546035219327,-0.14362165570943838,1.2748080440777938
705,1605.0,0.5688272128993906,-0.13936987763243322,1.2785854702994388
706,1606.0,0.5743107132267015,-0.13384547035339217,1.2840618000644868
707,1607.0,0.5805358962815016,-0.12782402444814683,1.2904848857816693
708,1608.0,0.5868895710156151,-0.1218804495660701,1.2972171196130138
709,1609.0,0.5929686605038283,-0.11636083393356196,1.3038104951529037
710,1610.0,0.5985202125983747,-0.11146267661294466,1.309964682918413
711,1611.0,0.6033654001456483,-0.10731848801066332,1.3154592809228742
712,1612.0,0.6074131138765465,-0.10398282263191655,1.3201702243362787
713,1613.0,0.6107160013822346,-0.10137703268509671,1.3241274603400084
714,1614.0,0.6134507814678892,-0.09930947869961355,1.327494247392098
715,1615.0,0.6158453867163713,-0.09754574171648028,1.3304909352758076
716,1616.0,0.6181358278453362,-0.09584627211285487,1.3333479245243538
717,1617.0,0.6205576922273628,-0.09396876293403145,1.3362928224040718
718,1618.0,0.6233572953129048,-0.09165123346217471,1.3395568383048726
719,1619.0,0.6268167700120008,-0.08858342503388288,1.3433971502483621
720,1620.0,0.6312669534348775,-0.08439553426848086,1.3481116824493529
721,1621.0,0.6370320149244517,-0.07872574301501292,1.3539937048269346
722,1622.0,0.6442957839463694,-0.07138477655490506,1.3612212296057082
723,1623.0,0.6529148201436055,-0.06259059491245449,1.3697052199054203
724,1624.0,0.662229234200524,-0.05318596128870514,1.378924461173332
725,1625.0,0.6710567979475255,-0.044574509015124913,1.3878771800705847
726,1626.0,0.6780869839352184,-0.03815587851277937,1.3953496775690215
727,1627.0,0.6824976308258297,-0.03463278345577797,1.4004544416729043
728,1628.0,0.6842524031328977,-0.03382582794652497,1.4029917040112732
729,1629.0,0.6838843333778045,-0.03503559580292076,1.403348958189433
730,1630.0,0.6821070510504073,-0.037477662871063674,1.4021651583805612
731,1631.0,0.6795707470910805,-0.04050002952669185,1.4000762139741014
732,1632.0,0.6767813526157219,-0.043627866839097605,1.3976071710007962
733,1633.0,0.6740869523540179,-0.046553812083480126,1.3951378785547939
734,1634.0,0.6716808858380091,-0.04912248990456204,1.392893646647497
735,1635.0,0.6696197239622022,-0.051306602390820424,1.3909567223200574
736,1636.0,0.6678610685823259,-0.05316681315218263,1.3893013319852268
737,1637.0,0.6663146741785224,-0.0548009375862551,1.3878446051083335
738,1638.0,0.6648909070404029,-0.0562996141689401,1.3864981256490772
739,1639.0,0.6635224484826265,-0.05773047001415579,1.385194912185755
740,1640.0,0.6621701544407703,-0.05913411563928206,1.3838969903925507
741,1641.0,0.6608315158999526,-0.0605163276646772,1.3826043323332824
742,1642.0,0.6595553923321555,-0.06183359970846404,1.3813697471315427
743,1643.0,0.6584521823930877,-0.06298202674850581,1.3803082681702794
744,1644.0,0.6576667675855945,-0.06382089811971,1.3795673062346316
745,1645.0,0.6572870485084789,-0.06426154225757877,1.3792331962972848
746,1646.0,0.6573337160618475,-0.06428144985222616,1.379324241920093
747,1647.0,0.6578514836071198,-0.06383494872762666,1.3798840902152805
748,1648.0,0.6589689475031337,-0.06279205497196111,1.3810408073593583
749,1649.0,0.6608861719800782,-0.060950069479353046,1.382993841677089
750,1650.0,0.6638176817934447,-0.05809078641345678,1.385956952893435
751,1651.0,0.6679232713007214,-0.05405021997071972,1.3900887997815727
752,1652.0,0.6732538093658491,-0.048773879394042846,1.3954389685436344
753,1653.0,0.679724398735149,-0.042345079138430546,1.4019220279826827
754,1654.0,0.6871231966198732,-0.03497680255210442,1.4093270091565921
755,1655.0,0.6951575496080828,-0.02696475604474513,1.417363258642677
756,1656.0,0.7035206321692196,-0.018619088405937356,1.425726137085494
757,1657.0,0.7119534990710765,-0.01020105240087774,1.4341582431011413
758,1658.0,0.7202864609695394,-0.0018812665031715421,1.4424905385159081
759,1659.0,0.728452298324949,0.006273110563765239,1.4506558286811422
760,1660.0,0.7364648339672523,0.014276250646054629,1.4586677674011452
761,1661.0,0.7443660174039564,0.022170197265641355,1.4665681909328097
762,1662.0,0.7521704858656512,0.029969435318989646,1.4743716627413588
763,1663.0,0.759841973765779,0.03763777315939001,1.4820417342453343
764,1664.0,0.7673048010704058,0.04510019766263426,1.48950225463996
765,1665.0,0.7744724017857066,0.05227139859592071,1.4966658310043424
766,1666.0,0.7812725531353693,0.05908083590257321,1.5034591915072018
767,1667.0,0.78765258813566,0.06547787646957147,1.5098285400266593
768,1668.0,0.7935668335864611,0.07141924806891557,1.5157269597039118
769,1669.0,0.7989626549611999,0.07685495743778849,1.5211003943222432
770,1670.0,0.8037760426459591,0.08172333329928108,1.5258834246419055
771,1671.0,0.8079381199278831,0.08595658875107479,1.53000630447668
772,1672.0,0.8113892227488559,0.0894938825663132,1.5334097200801402
773,1673.0,0.8140968545629136,0.0922986609362866,1.5360632381485577
774,1674.0,0.816074805093111,0.09437807855552026,1.5379843559141464
775,1675.0,0.817399139428673,0.09580052666994372,1.5392536012179374
776,1676.0,0.8182136740193368,0.09670413331182073,1.540017903092404
777,1677.0,0.8187178195323112,0.09728838245699734,1.540475438375104
778,1678.0,0.8191364158683023,0.09778328186006657,1.5408462400169125
779,1679.0,0.819681593912287,0.09840846744575016,1.5413361931952438
780,1680.0,0.820521301216758,0.09933896879694747,1.542107446775113
781,1681.0,0.8217620209540973,0.10068622525371708,1.5432622314829736
782,1682.0,0.8234431763724013,0.10249194530537713,1.5448376677397706
783,1683.0,0.8255399555115613,0.10473113648984007,1.5468086164113504
784,1684.0,0.8279752942306376,0.1073247674880408,1.5490993998551537
785,1685.0,0.830639051957667,0.11015993324882326,1.5516023609977199
786,1686.0,0.8334087952959459,0.1131116383321072,1.554197808012254
787,1687.0,0.8361702986725056,0.11606395639719885,1.5567738286250306
788,1688.0,0.838835684006127,0.11892824642749467,1.5592442125402022
789,1689.0,0.8413495718007442,0.12164878988220776,1.561554812806245
790,1690.0,0.8436805798900265,0.12419358189015853,1.563675348136359
791,1691.0,0.8458135050083923,0.12654612304474822,1.565591761765079
792,1692.0,0.8477534286685372,0.1287095064494958,1.567310437946196
793,1693.0,0.8495316259278073,0.1307123745739015,1.568864272737653
794,1694.0,0.8511971494027711,0.1326004852309415,1.5703044173824172
795,1695.0,0.8528003609552486,0.13442050666668978,1.571683715371136
796,1696.0,0.8543930798440323,0.13622104512838665,1.5730563550899597
797,1697.0,0.8560467452777628,0.1380718257330839,1.574495362130837
798,1698.0,0.8578640752239243,0.1400758422340707,1.5761037811525374
799,1699.0,0.8599714089563113,0.14236174515782166,1.5780069016760052
800,1700.0,0.8624944730433524,0.14505951136309717,1.5803282142199881
801,1701.0,0.865520725838725,0.14826232230725844,1.5831522542011403
802,1702.0,0.8690557090828168,0.15198148297774006,1.586481988595247
803,1703.0,0.8729908898418293,0.15611228707549626,1.5902076799659621
804,1704.0,0.8771053756612386,0.16043348600284266,1.5941096521209495
805,1705.0,0.8811152296859068,0.16465558037759367,1.5979080304477356
806,1706.0,0.8847573540840373,0.16850640998819214,1.6013456528256405
807,1707.0,0.8878665499942332,0.1718120652536897,1.6042629974242335
808,1708.0,0.8904069859373516,0.1745317356269754,1.6066276632191536
809,1709.0,0.8924547403005092,0.17674107790391963,1.6085162338915162
810,1710.0,0.8941577485813184,0.1785906018191785,1.6100749642208467
811,1711.0,0.895697337764114,0.18026480206532153,1.611482801065881
812,1712.0,0.8972550889487235,0.1819471601445367,1.6129196572272844
813,1713.0,0.8989775654582098,0.18378419755319192,1.6145317965386397
814,1714.0,0.9009384090468255,0.18584804899939775,1.6163935606756425
815,1715.0,0.9031076094061162,0.18810680488766157,1.6184756421167124
816,1716.0,0.9053430438795037,0.19041707283760212,1.6206358512137429
817,1717.0,0.9074211709234237,0.19255531701051223,1.6226498923817714
818,1718.0,0.9091081057834626,0.19428908832495229,1.6242832282685886
819,1719.0,0.9102383868962319,0.19545542348288994,1.6253704721053661
820,1720.0,0.9107537212370883,0.19599894145742383,1.6258538849842563
821,1721.0,0.9106842745876866,0.1959527219541317,1.6257638190732786
822,1722.0,0.9100970522466065,0.19538681855001166,1.6251664871636666
823,1723.0,0.9090402383220536,0.19435277814945992,1.6241082444532073
824,1724.0,0.9075013168040363,0.19284113937059966,1.622573995333591
825,1725.0,0.9054063988157905,0.19077933830960686,1.6204872265607175
826,1726.0,0.9026744791609758,0.18808502830308232,1.6177651862467641
827,1727.0,0.8992897778115388,0.18474005121533066,1.6143905568400858
828,1728.0,0.8953397788144565,0.18082952309058753,1.6104496057159687
829,1729.0,0.8910025184624396,0.1765295239442578,1.6061197348344927
830,1730.0,0.8865008077395244,0.17206140800983713,1.6016235661329918
831,1731.0,0.88205005287409,0.1676395119236497,1.5971763621437953
832,1732.0,0.8778224640725732,0.1634352556566968,1.5929499233123023
833,1733.0,0.873939486718662,0.15956959566525947,1.5890650933246289
834,1734.0,0.8704850288743796,0.15612634775677312,1.585605382510446
835,1735.0,0.8675167501077473,0.15316350684443375,1.5826285853152848
836,1736.0,0.8650569983649808,0.15070408694372267,1.580157643222363
837,1737.0,0.8630681674156714,0.14871131839212046,1.5781555987077693
838,1738.0,0.861436845206412,0.14707269689945948,1.5765094464141003
839,1739.0,0.8599822109397033,0.14560836489202658,1.5750386338208349
840,1740.0,0.8584827262796603,0.14409779835561948,1.5735220866920199
841,1741.0,0.8567148714540056,0.14231856513595562,1.5717371832100329
842,1742.0,0.8545016286831814,0.14009488910491436,1.569508210120934
843,1743.0,0.8517504387552237,0.13733561068524155,1.5667440039439857
844,1744.0,0.8484464409793526,0.13402708066955848,1.5634306882371565
845,1745.0,0.8446047834847157,0.13018484943395808,1.5595835842197707
846,1746.0,0.8402415429241923,0.12582430147648843,1.5552181401727976
847,1747.0,0.8353994532113963,0.1209866076215375,1.5503759459688313
848,1748.0,0.8301963804143377,0.1157874874999286,1.5451734194107283
849,1749.0,0.8248528992726005,0.1104451786508978,1.539829631014014
850,1750.0,0.8196742582128757,0.10526308029955898,1.5346487319376232
851,1751.0,0.8149780391616027,0.10055775732092935,1.5299478771562884
852,1752.0,0.8110043743983402,0.0965687317657715,1.525967163723411
853,1753.0,0.8078751940780178,0.09341715521460048,1.5228284430095043
854,1754.0,0.8056240241334487,0.09113554423312273,1.5205650152636612
855,1755.0,0.8042553938718348,0.0897275461600743,1.5191812439633503
856,1756.0,0.8037829577192291,0.0892064539717175,1.5186909108541624
857,1757.0,0.8042260013258574,0.08959198469999874,1.519113825812073
858,1758.0,0.8055732954448351,0.09087430489892365,1.5204396486620568
859,1759.0,0.80773663354808,0.09296758893843299,1.522581272002361
860,1760.0,0.8105218420946821,0.09568079258896084,1.5253455892960326
861,1761.0,0.8136423178730648,0.09873072776385332,1.528446824317219
862,1762.0,0.8167758945511059,0.10179837938051059,1.5315633265910185
863,1763.0,0.819632415834324,0.10459594851453784,1.5344051740723863
864,1764.0,0.821995218398468,0.10690797541281323,1.5367557226633526
865,1765.0,0.8237272198450941,0.10859739218703299,1.538477811192902
866,1766.0,0.8247556781264673,0.10959050040614644,1.5394987157661368
867,1767.0,0.8250532916796185,0.10985832440718843,1.5397915035405458
868,1768.0,0.8246271653878016,0.10940580521625444,1.5393642072963347
869,1769.0,0.8235168053607566,0.1082700909003316,1.538257797574274
870,1770.0,0.8217917994141515,0.10651853482545628,1.5365435348635625
871,1771.0,0.8195407553012946,0.1042378218572109,1.534311456613183
872,1772.0,0.816854193083509,0.10151705233612171,1.5316528528303934
873,1773.0,0.8138104783398908,0.09843419390572453,1.5286457388760664
874,1774.0,0.8104707697872463,0.09505166077731088,1.5253493764247634
875,1775.0,0.8068846923017594,0.09142196519807273,1.521810046421457
876,1776.0,0.8031038571592988,0.08759970191171303,1.518076082048558
877,1777.0,0.7991929631659099,0.08364984619038178,1.514211805208185
878,1778.0,0.7952301881612885,0.07964848272443163,1.5102976447300607
879,1779.0,0.7912986247136352,0.07567524545890957,1.5064205775672914
880,1780.0,0.7874727310483502,0.0718008002726452,1.5026594985647057
881,1781.0,0.7838008844306338,0.06807033522468518,1.499066733319753
882,1782.0,0.7802878051804494,0.06448648005018465,1.4956498224223023
883,1783.0,0.7768835805738659,0.06099817509172722,1.4923605275799436
884,1784.0,0.7734823302657052,0.05749865388323321,1.489093953133363
885,1785.0,0.7699318134258827,0.053834249156884395,1.4856986973607196
886,1786.0,0.7660588494277052,0.04982943567020028,1.4820025343366354
887,1787.0,0.7617127018506106,0.0453306563195533,1.477855577199473
888,1788.0,0.7568162289224698,0.04025865560679046,1.4731808157591424
889,1789.0,0.7514040927610052,0.034647932943080946,1.4680117329394893
890,1790.0,0.745629376006891,0.028653793719550475,1.4624987903425861
891,1791.0,0.7397374904780976,0.022525661134553877,1.456883681309042
892,1792.0,0.7340243241487923,0.01656420991686262,1.4514579222227282
893,1793.0,0.7287916632583245,0.011075917896258749,1.4465185897427482
894,1794.0,0.724299801832418,0.0063250083250809925,1.4423211998594487
895,1795.0,0.7207245238574295,0.002490045006293289,1.439037000949141
896,1796.0,0.7181421385726964,-0.00035092369088399997,1.436738328743608
897,1797.0,0.7165588786474162,-0.002190420594864511,1.4354283044563614
898,1798.0,0.7159636341942729,-0.003038285870353941,1.4350938048717614
899,1799.0,0.7163579879009961,-0.0028916236336535258,1.435735591754841
900,1800.0,0.717743680720817,-0.0017478707641987049,1.4373558220809277
901,1801.0,0.7200924669565122,0.0003644368755125507,1.4399279986124718
902,1802.0,0.7233342834746356,0.0033738320885442277,1.4433849920912858
903,1803.0,0.7273764515053324,0.007185402800370944,1.447638101142885
904,1804.0,0.7321356696702132,0.011713530247071871,1.4526082310864388
905,1805.0,0.7375502790799534,0.016894951396064447,1.4582368468897389
906,1806.0,0.7435710245326983,0.022680177194075696,1.4644759110160999
907,1807.0,0.7501461423334574,0.029018851821711607,1.471272745506091
908,1808.0,0.7572069733039531,0.03584532928745699,1.4785557829778844
909,1809.0,0.7646573963808976,0.043067828984739674,1.4862243940502304
910,1810.0,0.7723720732559857,0.0505661261136275,1.4941478291841817
911,1811.0,0.7802072426622703,0.058201582052509325,1.5021770419725715
912,1812.0,0.7880023000245147,0.06581815521263627,1.5101472946306402
913,1813.0,0.7955309850222453,0.0731934952809502,1.5178292391754586
914,1814.0,0.8025404588147093,0.08007784449130913,1.5249674477816169
915,1815.0,0.8088722591937313,0.08631402661107405,1.531402219036115
916,1816.0,0.8145042558695857,0.09187829070260005,1.5371121633711688
917,1817.0,0.8195148690631013,0.09684507122168227,1.5421780921046544
918,1818.0,0.8240274256858896,0.10133230876796782,1.5467268898696362
919,1819.0,0.8281609731527279,0.10545307328919969,1.5508819866084
920,1820.0,0.8319999069387721,0.10928575982139173,1.554732477478904
921,1821.0,0.8355943325139559,0.11287472662995367,1.5583326206272112
922,1822.0,0.8389706059794535,0.1162416030193486,1.5617116327173317
923,1823.0,0.8421315820206985,0.11938655395545429,1.56487328283602
924,1824.0,0.8450618108869656,0.12229424566550526,1.5678011204495683
925,1825.0,0.8477439915684444,0.12494981973722767,1.570476632707428
926,1826.0,0.8501647967464343,0.12734295633850753,1.5728874490582259
927,1827.0,0.8522942705797822,0.12944669513925974,1.5750062111296466
928,1828.0,0.8540580819014253,0.1311889354573445,1.5767612632189316
929,1829.0,0.8553367315273298,0.13245130149738876,1.5780345739114283
930,1830.0,0.8559985131576183,0.13310237529521982,1.5786944619466927
931,1831.0,0.8559361180938491,0.13303447973823782,1.5786327624719538
932,1832.0,0.8550848660022189,0.13218197827226466,1.5777837384477265
933,1833.0,0.8534275116644856,0.13052625499614873,1.5761292946684982
934,1834.0,0.8509967289409851,0.12809851885484286,1.5737015888809924
935,1835.0,0.847880044981162,0.12498507718126457,1.570587934906842
936,1836.0,0.8442279274699217,0.12133563328180544,1.5669387885198207
937,1837.0,0.8402668784770251,0.11737637783889202,1.5629807013828356
938,1838.0,0.8363134594740173,0.11342385687569838,1.55903022549295
939,1839.0,0.8327488606109991,0.10985922938862862,1.5554683697632279
940,1840.0,0.8299666995655103,0.10707586427081721,1.5526883827150983
941,1841.0,0.8283214511503303,0.10542800848611679,1.5510443915330148
942,1842.0,0.8280529180157352,0.10515581850122882,1.5507761915686233
943,1843.0,0.8291495558035952,0.10624934993939142,1.5518728781526003
944,1844.0,0.8311352848670862,0.10823509783967786,1.5538594444011882
945,1845.0,0.8329046622606835,0.11000923556210929,1.5556309325162565
946,1846.0,0.832923733438578,0.11003661237518397,1.5556525045933596
947,1847.0,0.8299363621439928,0.10705844752650648,1.5526668114590692
948,1848.0,0.8236483547002518,0.10077982375441308,1.5463799261976112
949,1849.0,0.8147181277144807,0.09186060347080917,1.5374517391217677
950,1850.0,0.8041842740161279,0.0813404030857293,1.5269217623431792
951,1851.0,0.7929402460822399,0.0701119579233511,1.515683080012256
952,1852.0,0.7815419853124038,0.058729667663012707,1.5042906697156377
953,1853.0,0.770261398825396,0.04746457057223204,1.4930158845238088
954,1854.0,0.7592092121018059,0.036427551934543806,1.4819695544228284
955,1855.0,0.7484005815153526,0.02563394923914093,1.4711669720651877
956,1856.0,0.7377834534227806,0.015031671900448056,1.460556089039124
957,1857.0,0.7272694130651592,0.004532118170070969,1.4500483956886026
958,1858.0,0.7167668401908514,-0.005956616729793284,1.4395521052120905
959,1859.0,0.7062101060519757,-0.016500505728336515,1.4290013735006952
960,1860.0,0.695581167236655,-0.027117951355443138,1.418377919249233
961,1861.0,0.684920433484734,-0.03776883066303528,1.407721944080199
962,1862.0,0.674313481972576,-0.048367582309161425,1.3971189761535159
963,1863.0,0.6638355371294836,-0.05883869287082793,1.3866443840833556
964,1864.0,0.6535467517446989,-0.06912162973247561,1.3763585147574955
965,1865.0,0.6435177491781912,-0.07914550530060335,1.366332118399132
966,1866.0,0.6338245745651786,-0.08883432527275216,1.356641196525482
967,1867.0,0.6245392920286161,-0.09811627882531933,1.3473576619514078
968,1868.0,0.6157285345313955,-0.1069250663106542,1.3385479563896294
969,1869.0,0.6074518034517596,-0.11520144398526605,1.330271433468916
970,1870.0,0.5997542864869208,-0.12290027488403114,1.3225732433001323
971,1871.0,0.5926650718019308,-0.12999248736136107,1.3154824552080826
972,1872.0,0.5862058448633516,-0.13645640787084382,1.3090207429834637
973,1873.0,0.5803964972473175,-0.14227204329014187,1.303208054218311
974,1874.0,0.5752481407756117,-0.14742799984432908,1.298055658913137
975,1875.0,0.5707462129300118,-0.1519384022688944,1.2935492379441547
976,1876.0,0.5668326604176406,-0.1558607927101853,1.289631018752895
977,1877.0,0.5633959846695347,-0.15930617620510276,1.2861897712142514
978,1878.0,0.5602729748134397,-0.16243735756960517,1.2830625056646492
979,1879.0,0.5572601248961448,-0.16545756595101782,1.2800458708729119
980,1880.0,0.5541304682957603,-0.168593631746925,1.2769129825491132
981,1881.0,0.550653178176949,-0.172076364258907,1.2734330315601265
982,1882.0,0.5466156686544376,-0.17611840154077424,1.2693934055092009
983,1883.0,0.5418481038402343,-0.18088964239100602,1.264624225768204
984,1884.0,0.5362471054656556,-0.18649349356021175,1.2590220807601538
985,1885.0,0.5297911730762874,-0.19295144354667781,1.252565455099845
986,1886.0,0.522539940016438,-0.20020385132390123,1.2453139677198262
987,1887.0,0.5146160200718779,-0.20812817026290192,1.2373901836216692
988,1888.0,0.506177543138442,-0.21656645412839362,1.2289521268221615
989,1889.0,0.4973926939188522,-0.2253507957808593,1.2201678299206888
990,1890.0,0.48842200242457634,-0.23432096507192704,1.2111976624807408
991,1891.0,0.4794064583218222,-0.2433362130405112,1.2021824884641417
992,1892.0,0.4704566893121202,-0.2522860402657296,1.19323287098972
993,1893.0,0.4616422784320248,-0.26110088348562593,1.184418384188344
994,1894.0,0.45298735590836525,-0.26975656512110735,1.1757631814293248
995,1895.0,0.44447930066732927,-0.2782656088252401,1.1672546907194343
996,1896.0,0.4360876715226277,-0.2866582918023809,1.1588625609599614
997,1897.0,0.42778258889569315,-0.29496427187321295,1.1505570443353779
998,1898.0,0.41954609042147695,-0.30320129303925136,1.14232032052304
999,1899.0,0.41137831958783877,-0.3113690685803711,1.1341526440754865
1000,1900.0,0.40330111894167964,-0.3194457291381725,1.1260759101681934
1001,1901.0,0.39535698490476856,-0.32738889192976045,1.1181325896735268
1002,1902.0,0.38760176718605993,-0.3351429963669543,1.1103784019110219
1003,1903.0,0.38009603565688854,-0.3426479628898787,1.1028736615260486
1004,1904.0,0.3729020013657315,-0.3498422390846982,1.0956802159840608
1005,1905.0,0.36608666251674155,-0.3566595393637793,1.0888646567128757
1006,1906.0,0.3597274193669658,-0.36302304007536174,1.082504041973413
1007,1907.0,0.35391786517174917,-0.36883938895499346,1.0766918012833897
1008,1908.0,0.3487713991068461,-0.3739950677380741,1.071541366634421
1009,1909.0,0.3444212024478729,-0.37835667300956527,1.0671860126870878
1010,1910.0,0.34102234039210527,-0.3817690419512699,1.0637808349752418
1011,1911.0,0.33875082115440464,-0.38405600270260093,1.0615019049818173
1012,1912.0,0.33776636928559023,-0.3850572875925824,1.0605092014884245
1013,1913.0,0.33813438416669295,-0.38470667073947523,1.0608685241624038
1014,1914.0,0.33977557958732957,-0.3830826052055356,1.0625010264279426
1015,1915.0,0.34249453938450924,-0.3803797255602222,1.065211781397258
1016,1916.0,0.3460491465393419,-0.37683940929153725,1.06875921083359
1017,1917.0,0.35020167148379433,-0.3726986320139599,1.0729061688392343
1018,1918.0,0.3547225190426118,-0.3681861211267348,1.077423709697377
1019,1919.0,0.35934813801993726,-0.36356474506374564,1.082048797751364
1020,1920.0,0.3637380747053262,-0.35917518174633417,1.086440914207385
1021,1921.0,0.36748929559019294,-0.3554220506152127,1.090196075843284
1022,1922.0,0.3702228055016866,-0.352686886176349,1.092933653823554
1023,1923.0,0.371701932613692,-0.3512086721160797,1.0944153503124128
1024,1924.0,0.3719149908270826,-0.350999994174034,1.0946286195307973
1025,1925.0,0.3710746617803457,-0.3518473137590172,1.0937863576147697
1026,1926.0,0.36953933291557217,-0.3533902741399858,1.092247949984555
1027,1927.0,0.36770419206558935,-0.3552316385083372,1.0904097828604404
1028,1928.0,0.3659117086405346,-0.3570275491042222,1.0886152505890274
1029,1929.0,0.3644040266207036,-0.3585353365854377,1.0871069638110296
1030,1930.0,0.36331311363590735,-0.359623184707693,1.0860169514523135
1031,1931.0,0.3626730554985475,-0.36025752470111505,1.0853791097989063
1032,1932.0,0.362439524020453,-0.36048332112627146,1.085148815339459
1033,1933.0,0.36250736056149446,-0.36040635495104256,1.085220603090737
1034,1934.0,0.3627238793042895,-0.36017984037947937,1.0854415336306897
1035,1935.0,0.36289853929151983,-0.3599947088408592,1.0856209006255804
1036,1936.0,0.3628126031917749,-0.3600699869205096,1.085539872087574
1037,1937.0,0.36223767267120444,-0.3606343117782002,1.0849699929212953
1038,1938.0,0.36096432247000715,-0.36189727774847225,1.0837018143080823
1039,1939.0,0.3588273653974095,-0.3640241592744796,1.0815701386893648
1040,1940.0,0.35572199031984814,-0.36711978008155455,1.078470125544149
1041,1941.0,0.3516201657900549,-0.3712120141338381,1.074373731292427
1042,1942.0,0.3465899094919487,-0.3762323421254274,1.0693490792742049
1043,1943.0,0.3408059066881769,-0.38200515482485925,1.0635711527817833
1044,1944.0,0.3345371623664567,-0.388260285401524,1.057309401534866
1045,1945.0,0.32810699983448266,-0.39467351927326716,1.0508875207786965
1046,1946.0,0.3218376514155145,-0.4009226366983854,1.044627730753623
1047,1947.0,0.3159998138592142,-0.4067382175686342,1.0388001332057886
1048,1948.0,0.31077953167075567,-0.4119365808338148,1.0335896569621599
1049,1949.0,0.3062633506587318,-0.41643396882039113,1.0290815210368798
1050,1950.0,0.3024366349340001,-0.42024740090938634,1.0252599553106119
1051,1951.0,0.29918857969863105,-0.42348907741928754,1.0220135051028068
1052,1952.0,0.2963212857685722,-0.4263572241000551,1.0191441553049994
1053,1953.0,0.2935653521598656,-0.4291208650169728,1.0163827547758568
1054,1954.0,0.29060320529491296,-0.4320970278516042,1.013412089812878
1055,1955.0,0.2870960450978444,-0.4356241741621508,1.009893637734013
1056,1956.0,0.28271098066860284,-0.4400350195642124,1.0054946990990112
1057,1957.0,0.2771510652461624,-0.44562601952780784,0.9999186385107323
1058,1958.0,0.27018892269619477,-0.4526232446509779,0.9929387383901036
1059,1959.0,0.26169676343807724,-0.46115236963317385,0.9844282125365671
1060,1960.0,0.2516669959673667,-0.4712185594446088,0.9743805928981568
1061,1961.0,0.24021412755999058,-0.4827051095786817,0.9629113952112419
1062,1962.0,0.2275378537638907,-0.49541069565024554,0.9502210549487782
1063,1963.0,0.21385188367574656,-0.5091207035982594,0.9365236694691004
1064,1964.0,0.19932318057238088,-0.5236679377378253,0.9219862687054109
1065,1965.0,0.18405157978832956,-0.5389528192455487,0.9067085370546732
1066,1966.0,0.16807883335784987,-0.5549342303984697,0.8907319063717657
1067,1967.0,0.15141103317382787,-0.5716069968262779,0.8740620085675107
1068,1968.0,0.13404453364735075,-0.5889757296281555,0.8566947092558521
1069,1969.0,0.11598755170151862,-0.6070329710561578,0.8386378350558503
1070,1970.0,0.09728006376003907,-0.6257392075810784,0.8199311173146988
1071,1971.0,0.07799566377090787,-0.6450211636640096,0.8006479778448473
1072,1972.0,0.05508787869827701,-0.6679200032785659,0.7777445171148061
1073,1973.0,0.03232017532738338,-0.6906797469740428,0.7549805343944488
1074,1974.0,0.00967243172344514,-0.713320366100059,0.7323360061649293
1075,1975.0,-0.012918742130247393,-0.7359048882087513,0.7097477457591377
1076,1976.0,-0.035513079021668954,-0.7584927291628928,0.6871561930553886
1077,1977.0,-0.05815609960026252,-0.7811291837518117,0.6645159491550705
1078,1978.0,-0.08087959017215005,-0.8038458893651277,0.6417953081767442
1079,1979.0,-0.10370441318795894,-0.8266636152083392,0.6189734587487802
1080,1980.0,-0.1266432822086774,-0.8495950208117548,0.5960377178876402
1081,1981.0,-0.1497030036617199,-0.8726468866090412,0.5729812951365106
1082,1982.0,-0.17288619991731516,-0.8958218295595046,0.5498015734070276
1083,1983.0,-0.1961926474163196,-0.9191196362273528,0.5264987735102199
1084,1984.0,-0.21962035537108587,-0.942538337960938,0.5030748772946921
1085,1985.0,-0.24316644939874427,-0.9660750919178847,0.4795327453329928
1086,1986.0,-0.26682784613609545,-0.9897268535459864,0.45587544334305535
1087,1987.0,-0.2906016477765819,-1.0134907692745099,0.43210584854339795
1088,1988.0,-0.31448516784170805,-1.0373642007052903,0.40822662468278365
1089,1989.0,-0.3384755234861545,-1.061344315397849,0.38424063054827745
1090,1990.0,-0.36256885570645586,-1.0854273054615047,0.3601517005813122
1091,1991.0,-0.38675948317311887,-1.1096075403812053,0.33596549141289694
1092,1992.0,-0.41103938916964106,-1.13387705405741,0.3116899946471311
1093,1993.0,-0.4353982835597352,-1.15822560641877,0.287335475067001
1094,1994.0,-0.4598246891487332,-1.1826417685696098,0.26291338514223417
1095,1995.0,-0.4843085828923607,-1.2071155624226653,0.238433724692844
