,Year,AMOC
0,708.0,3.1195177402726757
1,709.0,3.1156991139031556
2,710.0,3.11187387102423
3,711.0,3.1080398974296086
4,712.0,3.1041958266878926
5,713.0,3.1003420004653672
6,714.0,3.096480803532585
7,715.0,3.092616723781798
8,716.0,3.0887562148810668
9,717.0,3.084907306003717
10,718.0,3.0810789840139026
11,719.0,3.0772805143338533
12,720.0,3.073520889905186
13,721.0,3.069808467309474
14,722.0,3.066150693563208
15,723.0,3.062553781222904
16,724.0,3.059022245894099
17,725.0,3.055558296534544
18,726.0,3.0521611338701056
19,727.0,3.0488262250836167
20,728.0,3.0455444643172513
21,729.0,3.0423006478971546
22,730.0,3.03906984583475
23,731.0,3.0358086405890043
24,732.0,3.0324357863568845
25,733.0,3.0296695282797237
26,734.0,3.0268590832635494
27,735.0,3.023990882508654
28,736.0,3.0210831701110736
29,737.0,3.0181787281430448
30,738.0,3.0153364667760494
31,739.0,3.0126227864254744
32,740.0,3.0101009912250873
33,741.0,3.0078201515568104
34,742.0,3.0058078695888093
35,743.0,3.0040697939990015
36,744.0,3.002593314707142
37,745.0,3.0013505099761213
38,746.0,3.000299928233224
39,747.0,2.9993912614206706
40,748.0,2.9985744815394066
41,749.0,2.997810703194458
42,750.0,2.997080235497676
43,751.0,2.996384089322598
44,752.0,2.995739871987313
45,753.0,2.995175393271524
46,754.0,2.994722520090569
47,755.0,2.9944136814382762
48,756.0,2.994281722940415
49,757.0,2.9943600461373028
50,758.0,2.994680133330094
51,759.0,2.9952686023908774
52,760.0,2.99614811064471
53,761.0,2.9973416502662666
54,762.0,2.998875054964364
55,763.0,3.0007739559415962
56,764.0,3.0030555023277
57,765.0,3.0057179922152972
58,766.0,3.0087327984410956
59,767.0,3.0120428456501083
60,768.0,3.015570747716664
61,769.0,3.0192378151679224
62,770.0,3.022987102650488
63,771.0,3.0267950713129235
64,772.0,3.030662674994835
65,773.0,3.034594783069757
66,774.0,3.0385812658297824
67,775.0,3.042587633265071
68,776.0,3.046562357518234
69,777.0,3.0504533888013996
70,778.0,3.054216728454368
71,779.0,3.0578139304893486
72,780.0,3.0612064145200906
73,781.0,3.0643506628865165
74,782.0,3.0671951210450916
75,783.0,3.0696797874657697
76,784.0,3.071739506892123
77,785.0,3.0733109097492335
78,786.0,3.0743416668675394
79,787.0,3.0748000424618063
80,788.0,3.0746823032356136
81,789.0,3.0740155288740687
82,790.0,3.0728542585898353
83,791.0,3.0712716088807226
84,792.0,3.0693483595945508
85,793.0,3.0671642230887923
86,794.0,3.064793419602604
87,795.0,3.062303295864043
88,796.0,3.059752449428278
89,797.0,3.0571861646846386
90,798.0,3.0546314361784215
91,799.0,3.052095732401933
92,800.0,3.0495710807337795
93,801.0,3.0470414170717315
94,802.0,3.0444900589744224
95,803.0,3.041905758704019
96,804.0,3.0392868518196985
97,805.0,3.036643401418337
98,806.0,3.0339976208182655
99,807.0,3.0313831556880655
100,808.0,3.0288437542330096
101,809.0,3.0264314401994254
102,810.0,3.0242041419522874
103,811.0,3.0222227761578075
104,812.0,3.0205478647572828
105,813.0,3.0192359024000806
106,814.0,3.0183359259557405
107,815.0,3.017886697406451
108,816.0,3.0179143929951837
109,817.0,3.01842984461938
110,818.0,3.0194239859341
111,819.0,3.020861875644028
112,820.0,3.0226788611085156
113,821.0,3.024783326153027
114,822.0,3.0270668718622322
115,823.0,3.0294177874784274
116,824.0,3.0317323903136058
117,825.0,3.0339220166593823
118,826.0,3.0359166692147173
119,827.0,3.037667147476221
120,828.0,3.039146569118846
121,829.0,3.040351137287053
122,830.0,3.0412999399452407
123,831.0,3.042033630976544
124,832.0,3.0426120597862147
125,833.0,3.043111253437187
126,834.0,3.0436198880770444
127,835.0,3.0442334179995454
128,836.0,3.045041955608602
129,837.0,3.046111851034078
130,838.0,3.0474698145061496
131,839.0,3.04910149586847
132,840.0,3.0509644751259004
133,841.0,3.0530014186497367
134,842.0,3.055148607310573
135,843.0,3.0573416342456827
136,844.0,3.059520573805303
137,845.0,3.0616355920265415
138,846.0,3.0636528112709676
139,847.0,3.0655601236501178
140,848.0,3.0673731725205853
141,849.0,3.0691418468693907
142,850.0,3.0709580653202453
143,851.0,3.072969487116239
144,852.0,3.0754004789675284
145,853.0,3.078556346984868
146,854.0,3.082756238310874
147,855.0,3.088129124373166
148,856.0,3.0943126552625855
149,857.0,3.1003657462944587
150,858.0,3.105227801395152
151,859.0,3.108383101910383
152,860.0,3.1100077309410192
153,861.0,3.110598118142096
154,862.0,3.1106104506503613
155,863.0,3.110353499109296
156,864.0,3.110031468727778
157,865.0,3.1097931081126333
158,866.0,3.1097421605212197
159,867.0,3.1099319233641802
160,868.0,3.1103696972538573
161,869.0,3.1110342237285353
162,870.0,3.1118945018415842
163,871.0,3.1129195115955204
164,872.0,3.1140797468752734
165,873.0,3.115350531557012
166,874.0,3.1167107990897964
167,875.0,3.1181052378011915
168,876.0,3.119361562983589
169,877.0,3.1201217080848425
170,878.0,3.119872100152466
171,879.0,3.118131812058168
172,880.0,3.114751508588363
173,881.0,3.110073479178642
174,882.0,3.1047482868484653
175,883.0,3.0993930234415257
176,884.0,3.094412446351575
177,885.0,3.090028945881008
178,886.0,3.086365386589562
179,887.0,3.083471938974569
180,888.0,3.0813061096349945
181,889.0,3.079727510175027
182,890.0,3.0785357192136895
183,891.0,3.0775245876018507
184,892.0,3.0765241655200986
185,893.0,3.075420883791336
186,894.0,3.074160076529948
187,895.0,3.0727382444380025
188,896.0,3.071191298505744
189,897.0,3.069582814984418
190,898.0,3.067992347922208
191,899.0,3.0665004256784525
192,900.0,3.0651698041309374
193,901.0,3.06403169217751
194,902.0,3.0630869337180537
195,903.0,3.0623192495240077
196,904.0,3.061711770186627
197,905.0,3.061258323617322
198,906.0,3.06096411782617
199,907.0,3.0608383367463277
200,908.0,3.0608872914547165
201,909.0,3.0611137835931697
202,910.0,3.061520153096748
203,911.0,3.062107634981953
204,912.0,3.062869438044582
205,913.0,3.0637864251996176
206,914.0,3.0648357480178854
207,915.0,3.0660097389669603
208,916.0,3.06733195562452
209,917.0,3.068859892888289
210,918.0,3.0706711082593876
211,919.0,3.072836891229367
212,920.0,3.075394391422675
213,921.0,3.0783280143024405
214,922.0,3.0815658335436646
215,923.0,3.0849951903808446
216,924.0,3.0884963195624047
217,925.0,3.0919770903029122
218,926.0,3.095385716745424
219,927.0,3.098699395565658
220,928.0,3.1019067967090606
221,929.0,3.1049923652692164
222,930.0,3.107922848050364
223,931.0,3.11064432542693
224,932.0,3.1130934420709355
225,933.0,3.1152141059156304
226,934.0,3.116969463262556
227,935.0,3.1183458239293103
228,936.0,3.119349938104162
229,937.0,3.1200026269436916
230,938.0,3.120331764377592
231,939.0,3.120366875508239
232,940.0,3.1201365280429023
233,941.0,3.1196684220816104
234,942.0,3.1189912016127783
235,943.0,3.1181366785146194
236,944.0,3.117141267949766
237,945.0,3.1160459158603184
238,946.0,3.114894687631067
239,947.0,3.113733267408578
240,948.0,3.1126088336629243
241,949.0,3.1115717057206167
242,950.0,3.1106775982490458
243,951.0,3.1099880931080706
244,952.0,3.1095669527512713
245,953.0,3.1094719958532364
246,954.0,3.1097449705025197
247,955.0,3.110403434273574
248,956.0,3.1114379763880797
249,957.0,3.1128155667623947
250,958.0,3.114487470869568
251,959.0,3.116399123251124
252,960.0,3.118499693423194
253,961.0,3.1207501970670277
254,962.0,3.123129309047969
255,963.0,3.1256349423852776
256,964.0,3.1282799652031876
257,965.0,3.1310829483815716
258,966.0,3.1340569257922297
259,967.0,3.1371987150581258
260,968.0,3.140480514819212
261,969.0,3.1438464100874217
262,970.0,3.147217129800526
263,971.0,3.1505026818109862
264,972.0,3.1536161073564686
265,973.0,3.1564805136471
266,974.0,3.159028224908517
267,975.0,3.161196811635037
268,976.0,3.162927737394427
269,977.0,3.164170324096455
270,978.0,3.1648893784984393
271,979.0,3.165072528862649
272,980.0,3.1647337614402455
273,981.0,3.1639116609487905
274,982.0,3.1626634387218937
275,983.0,3.1610574822609947
276,984.0,3.159167045219761
277,985.0,3.1570663230041487
278,986.0,3.1548282055742187
279,987.0,3.152521751815824
280,988.0,3.15020767582897
281,989.0,3.1479316941217252
282,990.0,3.1457179718779384
283,991.0,3.143565909956337
284,992.0,3.141452020664676
285,993.0,3.139335901620214
286,994.0,3.1371675508454016
287,995.0,3.1348937743450325
288,996.0,3.1324635097090368
289,997.0,3.129833549670408
290,998.0,3.126975727450571
291,999.0,3.123884461523613
292,1000.0,3.1205819941006427
293,1001.0,3.117119197569616
294,1002.0,3.11357200259448
295,1003.0,3.11003538993331
296,1004.0,3.106616665602931
297,1005.0,3.103427156982705
298,1006.0,3.1005687247984794
299,1007.0,3.0981143368573054
300,1008.0,3.0960904730919547
301,1009.0,3.0944711572032517
302,1010.0,3.093185011895725
303,1011.0,3.092129516331416
304,1012.0,3.0911875682268652
305,1013.0,3.090243765644008
306,1014.0,3.089198377301557
307,1015.0,3.087977601576052
308,1016.0,3.0865395729508607
309,1017.0,3.084875058478359
310,1018.0,3.083001837983274
311,1019.0,3.0809548559788182
312,1020.0,3.078778501777635
313,1021.0,3.076527275263939
314,1022.0,3.0742750696020322
315,1023.0,3.072122213053912
316,1024.0,3.0701844865570562
317,1025.0,3.0685649097355365
318,1026.0,3.0673330665840353
319,1027.0,3.066526065247252
320,1028.0,3.0661543464819343
321,1029.0,3.066204417145607
322,1030.0,3.06664171603845
323,1031.0,3.067422293271159
324,1032.0,3.0685124442986202
325,1033.0,3.069906382961116
326,1034.0,3.0716340636760258
327,1035.0,3.0737546589472506
328,1036.0,3.076333280421889
329,1037.0,3.0794057051501995
330,1038.0,3.0829486588536565
331,1039.0,3.08687638114499
332,1040.0,3.091066435233327
333,1041.0,3.0953986712678403
334,1042.0,3.0997919076271896
335,1043.0,3.1042293369012803
336,1044.0,3.1087583683680475
337,1045.0,3.1134642855819292
338,1046.0,3.1184374984866796
339,1047.0,3.123748166650007
340,1048.0,3.1294324590522757
341,1049.0,3.135490151509761
342,1050.0,3.141889797870284
343,1051.0,3.1485703465017907
344,1052.0,3.1554270785464675
345,1053.0,3.162284491973386
346,1054.0,3.168870538080723
347,1055.0,3.1748147827048436
348,1056.0,3.179697187890424
349,1057.0,3.1831653773982165
350,1058.0,3.1850855040159907
351,1059.0,3.185619296332341
352,1060.0,3.1851411881728913
353,1061.0,3.1840433823822645
354,1062.0,3.182565233983895
355,1063.0,3.180734420908944
356,1064.0,3.178412615815145
357,1065.0,3.1753937208323557
358,1066.0,3.1715026603687835
359,1067.0,3.1666580165766876
360,1068.0,3.1608891723754895
361,1069.0,3.1543229606123173
362,1070.0,3.1471565042736174
363,1071.0,3.1396250234516305
364,1072.0,3.1319751928367006
365,1073.0,3.1244447357799805
366,1074.0,3.1172317895304897
367,1075.0,3.110457059102777
368,1076.0,3.104144864466974
369,1077.0,3.098232745894629
370,1078.0,3.0925950756054057
371,1079.0,3.087068485993727
372,1080.0,3.081482568850739
373,1081.0,3.0757210675702304
374,1082.0,3.0698241148680983
375,1083.0,3.0640623458544494
376,1084.0,3.0588576864785364
377,1085.0,3.054543880258889
378,1086.0,3.051167828643527
379,1087.0,3.048504008650398
380,1088.0,3.0462170661328827
381,1089.0,3.044016589755279
382,1090.0,3.041732568932856
383,1091.0,3.03931620972861
384,1092.0,3.0367972516947237
385,1093.0,3.0342406448755916
386,1094.0,3.03172399467676
387,1095.0,3.0293270248710766
388,1096.0,3.0271285823352785
389,1097.0,3.0252116130448807
390,1098.0,3.023673493003615
391,1099.0,3.0226263719395123
392,1100.0,3.022166906986265
393,1101.0,3.022326756472551
394,1102.0,3.023036074085698
395,1103.0,3.024125058981272
396,1104.0,3.0253617974476033
397,1105.0,3.026503950880601
398,1106.0,3.0273424930563797
399,1107.0,3.0277305768321923
400,1108.0,3.027601609976418
401,1109.0,3.026977381433262
402,1110.0,3.0259616368773723
403,1111.0,3.024717535024976
404,1112.0,3.023432998936122
405,1113.0,3.0222820926954195
406,1114.0,3.0213939496155997
407,1115.0,3.0208405099640285
408,1116.0,3.0206455362781024
409,1117.0,3.020804257370947
410,1118.0,3.0212989441917117
411,1119.0,3.0221031217231222
412,1120.0,3.023178115585518
413,1121.0,3.024472163436079
414,1122.0,3.0259295024929966
415,1123.0,3.027504245900703
416,1124.0,3.029166454083807
417,1125.0,3.03089677433711
418,1126.0,3.0326774528175497
419,1127.0,3.034484727395072
420,1128.0,3.036282911048197
421,1129.0,3.0380256279846316
422,1130.0,3.0396695492036723
423,1131.0,3.041194664617139
424,1132.0,3.042618725930462
425,1133.0,3.04399980548777
426,1134.0,3.0454284125966864
427,1135.0,3.047012015282781
428,1136.0,3.04885430915144
429,1137.0,3.0510335065419283
430,1138.0,3.05358733453388
431,1139.0,3.0565121791246095
432,1140.0,3.0597769984900403
433,1141.0,3.0633435553519757
434,1142.0,3.067181921484873
435,1143.0,3.0712753108674202
436,1144.0,3.0756149676973497
437,1145.0,3.080189843136798
438,1146.0,3.0849766335511726
439,1147.0,3.0899340675534743
440,1148.0,3.095002389542581
441,1149.0,3.10010685219852
442,1150.0,3.105164245800835
443,1151.0,3.110092063868245
444,1152.0,3.114819391571468
445,1153.0,3.119297301423723
446,1154.0,3.1235048011403315
447,1155.0,3.1274468042381645
448,1156.0,3.131146978765072
449,1157.0,3.134640892550417
450,1158.0,3.137968705309479
451,1159.0,3.1411640274127937
452,1160.0,3.144242532681052
453,1161.0,3.1471999076891093
454,1162.0,3.1500206974669296
455,1163.0,3.152686472122431
456,1164.0,3.1551711621744705
457,1165.0,3.1574258055950772
458,1166.0,3.159366773299395
459,1167.0,3.1608784860037393
460,1168.0,3.1618319761339935
461,1169.0,3.162111482337129
462,1170.0,3.1616379190492503
463,1171.0,3.160381075419701
464,1172.0,3.1583582748930668
465,1173.0,3.155621493401936
466,1174.0,3.1522389973632423
467,1175.0,3.148279846660233
468,1176.0,3.143807955755055
469,1177.0,3.1388870707862275
470,1178.0,3.133591992426518
471,1179.0,3.128017707762654
472,1180.0,3.1222789674184264
473,1181.0,3.116498252456043
474,1182.0,3.1107876799008514
475,1183.0,3.1052345760068842
476,1184.0,3.0998969213565433
477,1185.0,3.094808160043185
478,1186.0,3.089986094083697
479,1187.0,3.0854400249769456
480,1188.0,3.0811736371959655
481,1189.0,3.077185086328854
482,1190.0,3.0734664582562603
483,1191.0,3.070003384985209
484,1192.0,3.0667749984064208
485,1193.0,3.0637550834194647
486,1194.0,3.0609155099157896
487,1195.0,3.0582315168323926
488,1196.0,3.0556868016649408
489,1197.0,3.0532764585954024
490,1198.0,3.051007195175101
491,1199.0,3.048895031087205
492,1200.0,3.0469609185954165
493,1201.0,3.0452253041058226
494,1202.0,3.043703502721343
495,1203.0,3.042404001349641
496,1204.0,3.0413305204882177
497,1205.0,3.0404858000912585
498,1206.0,3.0398742133899503
499,1207.0,3.0395023206978458
500,1208.0,3.0393787009750657
501,1209.0,3.0395139969661726
502,1210.0,3.0399193959651214
503,1211.0,3.0406024833628345
504,1212.0,3.04156367393803
505,1213.0,3.042795937811578
506,1214.0,3.044284506769605
507,1215.0,3.0460016040745397
508,1216.0,3.0478981871454547
509,1217.0,3.049900973706768
510,1218.0,3.0519201578125905
511,1219.0,3.0538647459473363
512,1220.0,3.055658525726579
513,1221.0,3.0572520306933244
514,1222.0,3.058629057193725
515,1223.0,3.0598071407816065
516,1224.0,3.060832088113376
517,1225.0,3.061767582791983
518,1226.0,3.0626820622480424
519,1227.0,3.0636363818816896
520,1228.0,3.06467561524721
521,1229.0,3.0658259894419246
522,1230.0,3.0670953281869333
523,1231.0,3.0684749211119837
524,1232.0,3.0699419747665804
525,1233.0,3.0714628601965077
526,1234.0,3.0729970664993944
527,1235.0,3.0745013978350593
528,1236.0,3.0759340004721647
529,1237.0,3.0772578732281453
530,1238.0,3.0784433122330523
531,1239.0,3.0794687360713704
532,1240.0,3.0803202503397826
533,1241.0,3.080991112296354
534,1242.0,3.081482001893537
535,1243.0,3.081802136490657
536,1244.0,3.08197128930844
537,1245.0,3.0820223431531852
538,1246.0,3.082002759647169
539,1247.0,3.0819719727535473
540,1248.0,3.0819925635304646
541,1249.0,3.0821178761278514
542,1250.0,3.0823826606721028
543,1251.0,3.082801579383796
544,1252.0,3.083374542151052
545,1253.0,3.084094424654069
546,1254.0,3.084954155100418
547,1255.0,3.0859524523220716
548,1256.0,3.087096931141118
549,1257.0,3.0884029521160103
550,1258.0,3.089888727790651
551,1259.0,3.091569412968992
552,1260.0,3.0934525059329867
553,1261.0,3.095535404413185
554,1262.0,3.097805274513516
555,1263.0,3.100241166006661
556,1264.0,3.1028175723108693
557,1265.0,3.105507327380265
558,1266.0,3.1082821357094224
559,1267.0,3.1111107990495737
560,1268.0,3.1139564724505253
561,1269.0,3.116774340342632
562,1270.0,3.1195109659559934
563,1271.0,3.122106456753707
564,1272.0,3.124499708147926
565,1273.0,3.1266355185305628
566,1274.0,3.1284713129649924
567,1275.0,3.129981539709941
568,1276.0,3.131159233538204
569,1277.0,3.132015688741624
570,1278.0,3.1325791449920097
571,1279.0,3.132892454461623
572,1280.0,3.1330092626294754
573,1281.0,3.1329888924344544
574,1282.0,3.1328908906892936
575,1283.0,3.132770279938337
576,1284.0,3.132674219309395
577,1285.0,3.1326405761004024
578,1286.0,3.132698320605481
579,1287.0,3.132868550602014
580,1288.0,3.133164745883283
581,1289.0,3.133591316523465
582,1290.0,3.1341404005045197
583,1291.0,3.1347876895256004
584,1292.0,3.135488986695779
585,1293.0,3.1361801610399977
586,1294.0,3.1367831267334854
587,1295.0,3.1372180508281917
588,1296.0,3.1374183329413814
589,1297.0,3.1373427799732303
590,1298.0,3.1369806095410904
591,1299.0,3.1363490837748174
592,1300.0,3.1354865968128802
593,1301.0,3.134444186733989
594,1302.0,3.1332773746303957
595,1303.0,3.1320406034516735
596,1304.0,3.1307869474768673
597,1305.0,3.1295727552405888
598,1306.0,3.1284622217516724
599,1307.0,3.127526165689914
600,1308.0,3.1268338900764188
601,1309.0,3.1264422096439226
602,1310.0,3.1263869612623534
603,1311.0,3.126679841134676
604,1312.0,3.127310272882319
605,1313.0,3.128250168633074
606,1314.0,3.129458745789996
607,1315.0,3.130884644491241
608,1316.0,3.132465029799844
609,1317.0,3.134124418667701
610,1318.0,3.135776710507878
611,1319.0,3.1373316313269832
612,1320.0,3.1387039170689834
613,1321.0,3.1398232023210277
614,1322.0,3.140643001334146
615,1323.0,3.141147208795003
616,1324.0,3.1413525621850793
617,1325.0,3.1413061217719376
618,1326.0,3.1410780607639586
619,1327.0,3.140751327603555
620,1328.0,3.140410442804362
621,1329.0,3.140131521704695
622,1330.0,3.1399749236850965
623,1331.0,3.1399810661606313
624,1332.0,3.140168598055436
625,1333.0,3.140533081327591
626,1334.0,3.1410447201096394
627,1335.0,3.1416457284263317
628,1336.0,3.1422506381158186
629,1337.0,3.1427538513235276
630,1338.0,3.1430460720831013
631,1339.0,3.1430362156905773
632,1340.0,3.142670944754191
633,1341.0,3.141943323448492
634,1342.0,3.140886865674814
635,1343.0,3.1395593238338213
636,1344.0,3.138025840057945
637,1345.0,3.136349510945462
638,1346.0,3.134590947222933
639,1347.0,3.1328125647124425
640,1348.0,3.1310818624978363
641,1349.0,3.129469578477745
642,1350.0,3.1280417556614157
643,1351.0,3.1268484875798435
644,1352.0,3.125914480520824
645,1353.0,3.1252358452896725
646,1354.0,3.1247845707465234
647,1355.0,3.1245187770785363
648,1356.0,3.124394855897076
649,1357.0,3.124377712677545
650,1358.0,3.1244467432556546
651,1359.0,3.1245968982788077
652,1360.0,3.1248356817573995
653,1361.0,3.1251777906246274
654,1362.0,3.125639516582826
655,1363.0,3.126235197327368
656,1364.0,3.126976957160746
657,1365.0,3.127876298526286
658,1366.0,3.1289447632790157
659,1367.0,3.1301921296227144
660,1368.0,3.131622880079897
661,1369.0,3.1332325899708544
662,1370.0,3.1350050351298586
663,1371.0,3.136910553769647
664,1372.0,3.138906307871528
665,1373.0,3.1409388297837504
666,1374.0,3.142948694178157
667,1375.0,3.1448766478950496
668,1376.0,3.1466701061019013
669,1377.0,3.148288666311586
670,1378.0,3.1497073705311753
671,1379.0,3.1509169006833693
672,1380.0,3.1519209347416193
673,1381.0,3.1527323126976374
674,1382.0,3.153369767604022
675,1383.0,3.1538556077904465
676,1384.0,3.1542132363082045
677,1385.0,3.1544632428629646
678,1386.0,3.154618524937993
679,1387.0,3.1546808140889597
680,1388.0,3.154640546451309
681,1389.0,3.1544795907172225
682,1390.0,3.154174685935427
683,1391.0,3.1537000979428926
684,1392.0,3.153029766561959
685,1393.0,3.1521398323043224
686,1394.0,3.1510119815026583
687,1395.0,3.1496372699357735
688,1396.0,3.1480193875074467
689,1397.0,3.1461761749757935
690,1398.0,3.144138841962101
691,1399.0,3.141949252781345
692,1400.0,3.139656219358695
693,1401.0,3.137311755313665
694,1402.0,3.1349678281619395
695,1403.0,3.13267368433018
696,1404.0,3.1304737242152725
697,1405.0,3.128405989589953
698,1406.0,3.126501401245964
699,1407.0,3.124783885549089
700,1408.0,3.123271436851535
701,1409.0,3.121977976729428
702,1410.0,3.120915636012067
703,1411.0,3.120096865856175
704,1412.0,3.119535653482551
705,1413.0,3.1192472226878305
706,1414.0,3.119246040611225
707,1415.0,3.119542429181915
708,1416.0,3.1201386027259628
709,1417.0,3.1210253684069316
710,1418.0,3.1221808007887897
711,1419.0,3.1235716590469647
712,1420.0,3.1251571073844335
713,1421.0,3.1268933040691462
714,1422.0,3.1287371604496412
715,1423.0,3.130648114241579
716,1424.0,3.132587811011709
717,1425.0,3.134518591401267
718,1426.0,3.136402171467317
719,1427.0,3.1381998141330905
720,1428.0,3.139874681643875
721,1429.0,3.141396193193388
722,1430.0,3.1427453736210813
723,1431.0,3.143919588597534
724,1432.0,3.1449349208783235
725,1433.0,3.1458249220461614
726,1434.0,3.146635621895906
727,1435.0,3.147418056750201
728,1436.0,3.1482204738589283
729,1437.0,3.1490823066528844
730,1438.0,3.150031085823098
731,1439.0,3.1510822400112675
732,1440.0,3.1522409417022574
733,1441.0,3.1535049321337096
734,1442.0,3.154867446118802
735,1443.0,3.156319699679917
736,1444.0,3.1578527177024847
737,1445.0,3.1594585118591296
738,1446.0,3.161130764659479
739,1447.0,3.162865238260738
740,1448.0,3.1646600929386284
741,1449.0,3.1665161908928345
742,1450.0,3.168437398968927
743,1451.0,3.170430841068856
744,1452.0,3.172506970271387
745,1453.0,3.1746792652644276
746,1454.0,3.1769633411049196
747,1455.0,3.1793753103682594
748,1456.0,3.1819293340392916
749,1457.0,3.1846344491363476
750,1458.0,3.18749094732164
751,1459.0,3.1904868151320285
752,1460.0,3.1935949966269264
753,1461.0,3.196772353661082
754,1462.0,3.199961062966972
755,1463.0,3.203092695537151
756,1464.0,3.2060944157091447
757,1465.0,3.208895927384486
758,1466.0,3.211435521667879
759,1467.0,3.2136639913259444
760,1468.0,3.2155460291523803
761,1469.0,3.21705957303459
762,1470.0,3.218194039396129
763,1471.0,3.2189484409658036
764,1472.0,3.219330108098321
765,1473.0,3.2193542845739356
766,1474.0,3.219044384097548
767,1475.0,3.218432270485032
768,1476.0,3.2175577582662043
769,1477.0,3.2164667896524444
770,1478.0,3.2152082713321795
771,1479.0,3.2138300953740875
772,1480.0,3.2123751959988964
773,1481.0,3.2108784709322093
774,1482.0,3.209365050251794
775,1483.0,3.207849947482244
776,1484.0,3.2063387925982503
777,1485.0,3.204829210751697
778,1486.0,3.2033124477646893
779,1487.0,3.20177499362177
780,1488.0,3.2002001630345664
781,1489.0,3.1985696513546937
782,1490.0,3.196865044561771
783,1491.0,3.195069218018111
784,1492.0,3.1931675398439143
785,1493.0,3.1911487873817603
786,1494.0,3.189005704805807
787,1495.0,3.186735181136031
788,1496.0,3.184338091775991
789,1497.0,3.18181891524295
790,1498.0,3.179185273216021
791,1499.0,3.1764475042892952
792,1500.0,3.1736183684041923
793,1501.0,3.1707129782868675
794,1502.0,3.1677489977172897
795,1503.0,3.164747010258149
796,1504.0,3.1617308638833888
797,1505.0,3.158727756989087
798,1506.0,3.1557678592965686
799,1507.0,3.1528833739383013
800,1508.0,3.1501071142515444
801,1509.0,3.147470837518135
802,1510.0,3.145003690238838
803,1511.0,3.1427310680922416
804,1512.0,3.140673998633753
805,1513.0,3.1388489341761527
806,1514.0,3.13726772504646
807,1515.0,3.1359375493343746
808,1516.0,3.1348607070995214
809,1517.0,3.1340343689381935
810,1518.0,3.1334505110234914
811,1519.0,3.133096294514234
812,1520.0,3.1329550260202215
813,1521.0,3.133007660666693
814,1522.0,3.1332346577335772
815,1523.0,3.1336179190535374
816,1524.0,3.134142518118909
817,1525.0,3.134797941672639
818,1526.0,3.1355786928521203
819,1527.0,3.136484214607528
820,1528.0,3.137518146667568
821,1529.0,3.1386869581126073
822,1530.0,3.139998048917279
823,1531.0,3.141457503327817
824,1532.0,3.1430677493423125
825,1533.0,3.1448253941479583
826,1534.0,3.146719459646575
827,1535.0,3.1487301923802047
828,1536.0,3.1508286116795707
829,1537.0,3.1529768712020574
830,1538.0,3.155129420321137
831,1539.0,3.157234889534201
832,1540.0,3.1592385747894136
833,1541.0,3.1610853365585583
834,1542.0,3.1627226755265223
835,1543.0,3.1641037122677123
836,1544.0,3.1651898297213616
837,1545.0,3.165952848952595
838,1546.0,3.1663767210788842
839,1547.0,3.16645872170601
840,1548.0,3.166210078920041
841,1549.0,3.1656558679048614
842,1550.0,3.164833947583974
843,1551.0,3.1637927639684706
844,1552.0,3.162588025349729
845,1553.0,3.161278488157204
846,1554.0,3.1599213142057576
847,1555.0,3.158567554578827
848,1556.0,3.157258230957611
849,1557.0,3.1560213234424705
850,1558.0,3.1548698714349555
851,1559.0,3.1538012879577066
852,1560.0,3.152797953743193
853,1561.0,3.151829132985422
854,1562.0,3.150854144171646
855,1563.0,3.149826527219454
856,1564.0,3.148698798189551
857,1565.0,3.1474272677907367
858,1566.0,3.1459764156102388
859,1567.0,3.144322458874195
860,1568.0,3.1424559201593674
861,1569.0,3.1403831584516437
862,1570.0,3.138126858290541
863,1571.0,3.135725400771333
864,1572.0,3.1332309989216793
865,1573.0,3.130706549280703
866,1574.0,3.128221338581768
867,1575.0,3.125845944754752
868,1576.0,3.12364689057182
869,1577.0,3.121681712949609
870,1578.0,3.119995028195852
871,1579.0,3.118615951028795
872,1580.0,3.1175569181596186
873,1581.0,3.116813777895761
874,1582.0,3.1163669784791455
875,1583.0,3.116183720225541
876,1584.0,3.1162209514318437
877,1585.0,3.1164290438440916
878,1586.0,3.116755933089784
879,1587.0,3.1171514150845154
880,1588.0,3.117571227707404
881,1589.0,3.117980549498398
882,1590.0,3.118356593879901
883,1591.0,3.1186901052275475
884,1592.0,3.1189856686052075
885,1593.0,3.1192607970027155
886,1594.0,3.119543808229463
887,1595.0,3.1198706460627967
888,1596.0,3.1202810001055936
889,1597.0,3.120814154170428
890,1598.0,3.121505020339095
891,1599.0,3.1223807518806717
892,1600.0,3.1234581624543156
893,1601.0,3.1247420048798418
894,1602.0,3.1262240758069613
895,1603.0,3.12788315127326
896,1604.0,3.1296858614174385
897,1605.0,3.131588662174647
898,1606.0,3.133540893098804
899,1607.0,3.13548853556637
900,1608.0,3.1373779806476687
901,1609.0,3.1391590224276325
902,1610.0,3.1407865291480266
903,1611.0,3.142220768365658
904,1612.0,3.1434269256707856
905,1613.0,3.144374576541818
906,1614.0,3.1450376938607514
907,1615.0,3.1453953406913024
908,1616.0,3.145432720543584
909,1617.0,3.1451419646668737
910,1618.0,3.1445220500820703
911,1619.0,3.1435776008376837
912,1620.0,3.1423168215217125
913,1621.0,3.140749239015872
914,1622.0,3.1388841473609252
915,1623.0,3.1367305119183864
916,1624.0,3.134298563776889
917,1625.0,3.1316026223492393
918,1626.0,3.1286640762651987
919,1627.0,3.1255131728912606
920,1628.0,3.122188546006299
921,1629.0,3.118734305772246
922,1630.0,3.1151955361958716
923,1631.0,3.1116136608134357
924,1632.0,3.1080230214773175
925,1633.0,3.104449272078244
926,1634.0,3.100909311707884
927,1635.0,3.0974119751473546
928,1636.0,3.0939588111373784
929,1637.0,3.090544757109737
930,1638.0,3.087158997878328
931,1639.0,3.0837864783295754
932,1640.0,3.0804103102464118
933,1641.0,3.0770148712266185
934,1642.0,3.073589003371365
935,1643.0,3.070128611232265
936,1644.0,3.066638173759405
937,1645.0,3.0631310856092835
938,1646.0,3.059629161680571
939,1647.0,3.056161758370517
940,1648.0,3.052764794080193
941,1649.0,3.0494796653400753
942,1650.0,3.0463518290266993
943,1651.0,3.0434287579822543
944,1652.0,3.0407570902286465
945,1653.0,3.0383790472077856
946,1654.0,3.036328520526388
947,1655.0,3.034627487020688
948,1656.0,3.0332834482000144
949,1657.0,3.0322884431314385
950,1658.0,3.031619907880215
951,1659.0,3.0312432772191205
952,1660.0,3.0311158262781466
953,1661.0,3.03119096029878
954,1662.0,3.031422157766746
955,1663.0,3.0317660009205323
956,1664.0,3.0321840718712405
957,1665.0,3.032643832301673
958,1666.0,3.033118834797074
959,1667.0,3.0335886435268873
960,1668.0,3.0340386827201566
961,1669.0,3.034459976545994
962,1670.0,3.034848545574387
963,1671.0,3.0352042439761844
964,1672.0,3.0355290913211697
965,1673.0,3.0358254092893424
966,1674.0,3.036094183977219
967,1675.0,3.036333930585472
968,1676.0,3.0365399908081843
969,1677.0,3.0367038837734324
970,1678.0,3.036812308752817
971,1679.0,3.0368457052582634
972,1680.0,3.0367768006634783
973,1681.0,3.0365700724610205
974,1682.0,3.0361831420366268
975,1683.0,3.0355705479180197
976,1684.0,3.0346893516787823
977,1685.0,3.0335050993272317
978,1686.0,3.0319963499874047
979,1687.0,3.030156513417528
980,1688.0,3.0279928242060197
981,1689.0,3.0255233333010905
982,1690.0,3.022773349697993
983,1691.0,3.0197726864621277
984,1692.0,3.0165545146111525
985,1693.0,3.0131558684704776
986,1694.0,3.0096191735724758
987,1695.0,3.005993859145557
988,1696.0,3.0023371679221365
989,1697.0,2.9987135708689494
990,1698.0,2.995192640161629
991,1699.0,2.9918457101954536
992,1700.0,2.988742056258873
993,1701.0,2.985945440982093
994,1702.0,2.98351167638869
995,1703.0,2.981487448665207
996,1704.0,2.9799102746903148
997,1705.0,2.978809248809895
998,1706.0,2.9782061056834426
999,1707.0,2.9781160542015823
1000,1708.0,2.9785478417762183
1001,1709.0,2.979502629930491
1002,1710.0,2.9809716252208562
1003,1711.0,2.982932964758846
1004,1712.0,2.98534885979908
1005,1713.0,2.988164241336925
1006,1714.0,2.9913079471969097
1007,1715.0,2.9946967756943117
1008,1716.0,2.9982417178142597
1009,1717.0,3.0018548451508793
1010,1718.0,3.005455144994835
1011,1719.0,3.008972174324028
1012,1720.0,3.0123474259733163
1013,1721.0,3.015534193648093
1014,1722.0,3.0184970176290884
1015,1723.0,3.021211498330019
1016,1724.0,3.0236647063328594
1017,1725.0,3.025855862120546
1018,1726.0,3.027796577433354
1019,1727.0,3.0295098623246917
1020,1728.0,3.0310274263951706
1021,1729.0,3.032385418827251
1022,1730.0,3.033619371235682
1023,1731.0,3.034759448770419
1024,1732.0,3.0358270142032016
1025,1733.0,3.036833005038361
1026,1734.0,3.037778094732928
1027,1735.0,3.038654270779012
1028,1736.0,3.039447334231914
1029,1737.0,3.040139830771522
1030,1738.0,3.0407139855265974
1031,1739.0,3.0411542816804915
1032,1740.0,3.0414494014284994
1033,1741.0,3.041593369400472
1034,1742.0,3.041585905089336
1035,1743.0,3.0414321241547215
1036,1744.0,3.0411417977051087
1037,1745.0,3.0407283793309587
1038,1746.0,3.040207962456862
1039,1747.0,3.0395982607434813
1040,1748.0,3.0389176301977248
1041,1749.0,3.0381840638658444
1042,1750.0,3.037414106246617
1043,1751.0,3.036621761977959
1044,1752.0,3.035817628340848
1045,1753.0,3.0350085362229313
1046,1754.0,3.0341979039655467
1047,1755.0,3.0333868294736597
1048,1756.0,3.032575727619989
1049,1757.0,3.0317661162653002
1050,1758.0,3.0309620212818666
1051,1759.0,3.0301704801056943
1052,1760.0,3.029400926756575
1053,1761.0,3.028663720489314
1054,1762.0,3.0279684511840252
1055,1763.0,3.027322693759749
1056,1764.0,3.0267315913176276
1057,1765.0,3.026198261897629
1058,1766.0,3.0257247611328704
1059,1767.0,3.0253131745158703
1060,1768.0,3.0249663285977864
1061,1769.0,3.0246876607545716
1062,1770.0,3.0244800710870305
1063,1771.0,3.0243440506713006
1064,1772.0,3.0242758430534358
1065,1773.0,3.024266560160898
1066,1774.0,3.0243028685911564
1067,1775.0,3.024369208468916
1068,1776.0,3.024450901717498
1069,1777.0,3.024537176204643
1070,1778.0,3.0246231662090457
1071,1779.0,3.0247102747248125
1072,1780.0,3.0248047456130793
1073,1781.0,3.024914752678694
1074,1782.0,3.025046659328727
1075,1783.0,3.0252012498987377
1076,1784.0,3.0253707399335648
1077,1785.0,3.0255372652620802
1078,1786.0,3.025673302579814
1079,1787.0,3.025744067873767
1080,1788.0,3.0257114417321342
1081,1789.0,3.02553853556905
1082,1790.0,3.0251938309525577
1083,1791.0,3.024654008282197
1084,1792.0,3.0239050977330777
1085,1793.0,3.022942174828917
1086,1794.0,3.0217682473327123
1087,1795.0,3.0203931270186235
1088,1796.0,3.018832947130551
1089,1797.0,3.0171106445099687
1090,1798.0,3.0152572810899154
1091,1799.0,3.0133136013258004
1092,1800.0,3.0113308401992374
1093,1801.0,3.009369732356249
1094,1802.0,3.007497157964083
1095,1803.0,3.0057807744712677
1096,1804.0,3.0042828423595855
1097,1805.0,3.003054790778902
1098,1806.0,3.002133720030485
1099,1807.0,3.0015412546544233
1100,1808.0,3.001284405526478
1101,1809.0,3.0013576535006448
1102,1810.0,3.0017454167541793
1103,1811.0,3.0024243025821815
1104,1812.0,3.0033648999707627
1105,1813.0,3.004533188545434
1106,1814.0,3.0058917914844683
1107,1815.0,3.0074012801026826
1108,1816.0,3.0090216619543155
1109,1817.0,3.010714092009715
1110,1818.0,3.0124427283052917
1111,1819.0,3.0141765285225133
1112,1820.0,3.0158907467607237
1113,1821.0,3.017567925020849
1114,1822.0,3.019198263499357
1115,1823.0,3.0207793680489785
1116,1824.0,3.022315450847613
1117,1825.0,3.0238160547671615
1118,1826.0,3.0252943977027478
1119,1827.0,3.0267654945947813
1120,1828.0,3.028244276439103
1121,1829.0,3.0297439549988403
1122,1830.0,3.031274824578258
1123,1831.0,3.0328435966569534
1124,1832.0,3.0344532686780155
1125,1833.0,3.0361034456498945
1126,1834.0,3.0377909833950594
1127,1835.0,3.0395108049863775
1128,1836.0,3.041256753343773
1129,1837.0,3.043022363335915
1130,1838.0,3.0448014616642793
1131,1839.0,3.046588532777254
1132,1840.0,3.0483788217792775
1133,1841.0,3.050168177216243
1134,1842.0,3.0519526646131845
1135,1843.0,3.053728008467522
1136,1844.0,3.0554889485764707
1137,1845.0,3.0572286053519284
1138,1846.0,3.0589379315081264
1139,1847.0,3.060605280421105
1140,1848.0,3.062216085404357
1141,1849.0,3.063752630661775
1142,1850.0,3.065193908725837
1143,1851.0,3.066515593567064
1144,1852.0,3.06769017478447
1145,1853.0,3.0686873121322487
1146,1854.0,3.0694744809862575
1147,1855.0,3.0700179726184404
1148,1856.0,3.0702842563364623
1149,1857.0,3.0702416247889404
1150,1858.0,3.06986200874902
1151,1859.0,3.069122835893702
1152,1860.0,3.068008830074854
1153,1861.0,3.0665136836544815
1154,1862.0,3.0646415164133627
1155,1863.0,3.062407982964607
1156,1864.0,3.0598408329834816
1157,1865.0,3.056979689328727
1158,1866.0,3.05387483486265
1159,1867.0,3.050584932175101
1160,1868.0,3.047173831681944
1161,1869.0,3.043706874241067
1162,1870.0,3.0402472800410547
1163,1871.0,3.036853219596773
1164,1872.0,3.0335759672999494
1165,1873.0,3.0304592298252326
1166,1874.0,3.0275394476761224
1167,1875.0,3.024846675849661
1168,1876.0,3.0224055582800293
1169,1877.0,3.0202358983679782
1170,1878.0,3.0183523922611974
1171,1879.0,3.016763250819691
1172,1880.0,3.0154676548716695
1173,1881.0,3.0144523260779112
1174,1882.0,3.0136880375555095
1175,1883.0,3.01312765218048
1176,1884.0,3.0127078166676875
1177,1885.0,3.012355572742847
1178,1886.0,3.0119987399619434
1179,1887.0,3.01157640635441
1180,1888.0,3.011045165703018
1181,1889.0,3.010378556962543
1182,1890.0,3.0095602051988872
1183,1891.0,3.008573507910417
1184,1892.0,3.0073917105281023
1185,1893.0,3.0059728405571433
1186,1894.0,3.0042644467607826
1187,1895.0,3.002219807654278
1188,1896.0,2.99981870512567
1189,1897.0,2.9970803915007296
1190,1898.0,2.9940610068685616
1191,1899.0,2.990838429589703
1192,1900.0,2.9874929436774558
1193,1901.0,2.984087637433527
1194,1902.0,2.980651729882409
1195,1903.0,2.9771821892239374
1196,1904.0,2.973664343788223
1197,1905.0,2.97008375654325
1198,1906.0,2.96642455533756
1199,1907.0,2.9626661700933856
1200,1908.0,2.9587793483401637
1201,1909.0,2.9547357571050483
1202,1910.0,2.950527419025364
1203,1911.0,2.9461687638966945
1204,1912.0,2.94168114137898
1205,1913.0,2.937086194756749
1206,1914.0,2.9324158970140703
1207,1915.0,2.9277073833012652
1208,1916.0,2.922993599031884
1209,1917.0,2.9183116163485647
1210,1918.0,2.9137128410512014
1211,1919.0,2.9092592528035177
1212,1920.0,2.9050148714931905
1213,1921.0,2.901037084769698
1214,1922.0,2.8973688848337034
1215,1923.0,2.8940294791363677
1216,1924.0,2.8909968382082813
1217,1925.0,2.8881962562428916
1218,1926.0,2.885515087496349
1219,1927.0,2.882830726563284
1220,1928.0,2.8800445414533655
1221,1929.0,2.877118681334962
1222,1930.0,2.8740752419799462
1223,1931.0,2.8709653645770876
1224,1932.0,2.8678451318964813
1225,1933.0,2.8647490460698624
1226,1934.0,2.861679898297951
1227,1935.0,2.8586139228062524
1228,1936.0,2.8555117881948466
1229,1937.0,2.852353272614191
1230,1938.0,2.849168642171923
1231,1939.0,2.846716392051507
1232,1940.0,2.844314057368674
1233,1941.0,2.8419104391356904
1234,1942.0,2.839478384580846
1235,1943.0,2.8370142775530924
1236,1944.0,2.8345247190095386
1237,1945.0,2.8320189742978212
1238,1946.0,2.829505927323177
1239,1947.0,2.82699319440404
1240,1948.0,2.8244873974791793
1241,1949.0,2.8219957215055698
1242,1950.0,2.819526320033764
1243,1951.0,2.817086167739744
1244,1952.0,2.8146798091389598
1245,1953.0,2.812309542376835
1246,1954.0,2.809975475852486
1247,1955.0,2.807676585511191
1248,1956.0,2.805411613378018
1249,1957.0,2.803179580693751
1250,1958.0,2.800979584058433
1251,1959.0,2.798810708627745
1252,1960.0,2.7966722521821046
1253,1961.0,2.7945648028325576
1254,1962.0,2.7924902867669887
